user_id,session_id,landing_page,exit_page,pages_viewed,time_on_site,scroll_depth,conversion,page_sequence
user_1,session_1415,/home,/home,4,916,0.8391001,0,/checkout|/checkout|/product-details|/products|/cart|/contact|/blog|/about
user_2,session_1463,/home,/blog,7,1448,0.868500827,0,/cart|/faq
user_3,session_1179,/home,/cart,7,112,0.113100681,0,/contact|/faq|/about|/contact|/about|/blog|/blog
user_4,session_1526,/home,/blog,7,493,0.134133474,0,/product-details|/about|/faq|/product-details|/checkout|/blog
user_5,session_1195,/products,/products,4,382,0.368970884,0,/cart|/contact
user_6,session_1938,/products,/blog,10,1475,0.394021453,0,/contact|/about
user_7,session_1818,/products,/blog,2,1522,0.167295307,0,/blog|/faq|/product-details
user_8,session_1118,/blog,/products,9,1504,0.737273975,0,/products|/blog|/product-details|/faq
user_9,session_1299,/home,/checkout,3,509,0.122667745,1,/blog|/about|/home|/home|/contact|/contact|/about|/product-details
user_10,session_1229,/about,/blog,8,65,0.841654419,0,/product-details|/blog|/home|/home|/product-details|/faq|/checkout|/about
user_11,session_1244,/home,/products,6,1146,0.56028826,0,/faq|/products|/products|/product-details|/contact|/contact|/about|/blog
user_12,session_1014,/products,/checkout,6,1354,0.790036899,0,/contact|/about|/cart|/about|/faq|/checkout|/checkout
user_13,session_1374,/products,/blog,8,925,0.944204051,0,/products|/home
user_14,session_1665,/home,/products,4,675,0.587764902,1,/checkout|/product-details|/about|/contact|/about|/cart
user_15,session_1602,/blog,/checkout,2,578,0.95404399,0,/about|/product-details|/blog
user_16,session_1603,/home,/blog,4,666,0.3852502,0,/about|/home
user_17,session_1768,/blog,/checkout,3,672,0.358114274,0,/about|/products|/products|/checkout|/contact
user_18,session_1709,/home,/products,4,983,0.971542562,0,/blog|/checkout|/checkout
user_19,session_1091,/home,/blog,10,1185,0.318623729,0,/faq|/cart|/checkout
user_20,session_1953,/blog,/home,4,744,0.819761141,0,/home|/contact|/products|/about|/faq|/cart|/cart
user_21,session_1348,/home,/products,5,1062,0.365689366,0,/contact|/about|/about|/contact|/contact|/faq|/about|/cart
user_22,session_1649,/home,/home,7,1262,0.727107042,0,/home|/about|/home
user_23,session_1355,/about,/blog,7,1608,0.7850639,0,/checkout|/products|/about|/about|/about
user_24,session_1840,/products,/products,5,1708,0.346357267,0,/about|/home|/product-details|/product-details|/faq|/cart
user_25,session_1026,/products,/products,5,775,0.104687299,0,/home|/checkout|/home|/product-details|/about
user_26,session_1519,/home,/blog,5,1157,0.479889944,0,/faq|/cart|/products
user_27,session_1426,/products,/checkout,5,345,0.638035227,0,/checkout|/cart|/checkout|/product-details
user_28,session_1979,/blog,/checkout,9,172,0.497950635,0,/contact|/about|/about|/checkout|/about|/about|/products
user_29,session_1766,/products,/products,6,1032,0.408286151,0,/blog|/home|/home|/cart|/about|/cart|/checkout|/products
user_30,session_1211,/products,/blog,6,1476,0.564981753,0,/product-details|/cart
user_31,session_1932,/home,/home,6,1375,0.305611156,0,/blog|/products|/home|/faq|/about|/about|/home
user_32,session_1590,/home,/checkout,6,1042,0.360477987,0,/about|/faq|/about|/blog|/faq|/checkout|/checkout|/contact
user_33,session_1593,/home,/home,5,1780,0.12017955,0,/products|/contact
user_34,session_1555,/home,/home,4,1791,0.575529868,0,/contact|/contact|/faq|/product-details|/blog
user_35,session_1871,/home,/products,5,599,0.476616926,0,/home|/cart|/about|/home|/faq|/faq
user_36,session_1373,/products,/checkout,4,334,0.97731817,0,/home|/faq|/blog|/home|/about
user_37,session_1844,/home,/cart,1,689,0.144611201,0,/product-details|/product-details|/checkout|/home|/products
user_38,session_1143,/blog,/blog,4,984,0.674651102,0,/about|/home|/contact|/product-details|/blog|/faq|/home
user_39,session_1544,/products,/products,11,1466,0.544503959,1,/product-details|/checkout|/about|/products
user_40,session_1490,/about,/home,5,1267,0.104235628,0,/about|/blog|/home
user_41,session_1621,/home,/home,10,1623,0.26687784,0,/cart|/cart|/products|/cart|/contact
user_42,session_1775,/about,/blog,4,1310,0.670825816,0,/faq|/contact|/about|/contact
user_43,session_1905,/blog,/cart,4,481,0.566625061,0,/blog|/checkout|/product-details|/contact|/faq
user_44,session_1937,/about,/home,6,576,0.902511376,0,/contact|/contact|/blog|/cart|/home|/product-details|/product-details|/product-details
user_45,session_1842,/products,/products,5,1352,0.709841948,0,/products|/contact|/cart|/products|/products|/contact|/checkout|/home
user_46,session_1023,/home,/products,8,393,0.562391191,0,/blog|/checkout|/checkout|/cart|/blog|/about|/product-details|/product-details
user_47,session_1923,/home,/cart,9,536,0.376500233,1,/blog|/faq
user_48,session_1309,/blog,/products,7,1621,0.457650388,0,/cart|/product-details|/about|/cart|/blog|/about|/about
user_49,session_1135,/products,/blog,8,327,0.237966557,0,/cart|/cart|/contact
user_50,session_1821,/home,/blog,5,284,0.441828053,0,/product-details|/home|/checkout|/products|/blog
user_51,session_1954,/blog,/home,9,1328,0.343318741,0,/cart|/checkout|/about|/home|/contact|/faq|/about|/checkout
user_52,session_1224,/home,/blog,4,991,0.950760783,0,/cart|/blog|/checkout|/faq|/product-details|/about|/cart
user_53,session_1166,/blog,/blog,4,990,0.327034362,0,/checkout|/faq|/checkout|/products|/cart|/product-details|/blog
user_54,session_1217,/products,/cart,6,1275,0.762158297,0,/blog|/product-details
user_55,session_1290,/products,/blog,13,1183,0.160914252,0,/about|/blog|/cart|/checkout|/contact|/contact|/product-details
user_56,session_1581,/about,/blog,6,1377,0.433728094,0,/products|/cart|/products
user_57,session_1072,/products,/home,4,527,0.29576218,0,/checkout|/faq|/contact
user_58,session_1588,/home,/blog,4,1772,0.891083549,0,/products|/checkout|/home|/blog|/blog|/product-details|/checkout|/cart
user_59,session_1575,/products,/products,8,1736,0.480988764,1,/checkout|/products|/blog|/blog|/blog|/faq|/products
user_60,session_1141,/about,/cart,7,80,0.388932001,1,/faq|/product-details|/blog|/contact
user_61,session_1722,/about,/blog,6,1352,0.471350002,0,/checkout|/product-details|/cart|/about|/blog|/cart|/product-details|/cart
user_62,session_1865,/products,/home,7,679,0.240756388,0,/products|/blog|/faq|/checkout|/home|/products|/checkout
user_63,session_1859,/blog,/home,5,657,0.666214183,0,/products|/contact
user_64,session_1153,/home,/blog,5,64,0.792456945,0,/faq|/cart|/blog|/checkout
user_65,session_1294,/blog,/products,5,1373,0.911619916,1,/product-details|/product-details|/products|/cart|/products|/checkout|/faq|/faq
user_66,session_1277,/blog,/home,7,309,0.649135236,1,/cart|/checkout
user_67,session_1999,/home,/products,4,229,0.667617485,0,/product-details|/cart|/products|/blog|/home|/cart|/products|/checkout
user_68,session_1041,/home,/blog,4,1293,0.695857762,0,/faq|/cart|/cart|/faq|/faq|/contact|/faq|/faq
user_69,session_1431,/products,/products,10,818,0.936999505,0,/faq|/checkout|/product-details|/product-details|/product-details|/blog|/checkout|/faq
user_70,session_1090,/blog,/home,12,76,0.993021708,0,/product-details|/product-details|/faq|/about
user_71,session_1316,/products,/products,6,1658,0.332664781,1,/faq|/blog|/faq|/about|/about|/faq|/home
user_72,session_1223,/products,/home,3,1419,0.361758879,0,/cart|/product-details|/contact|/product-details|/products
user_73,session_1528,/home,/home,6,782,0.920439246,0,/cart|/checkout|/blog
user_74,session_1116,/products,/products,7,259,0.435976504,0,/home|/home|/contact|/product-details|/about|/faq|/products
user_75,session_1606,/home,/products,6,1479,0.751191611,0,/checkout|/home
user_76,session_1774,/products,/products,6,1299,0.855975017,0,/blog|/about|/blog
user_77,session_1747,/blog,/products,5,760,0.205018934,0,/checkout|/about|/about
user_78,session_1456,/blog,/cart,3,340,0.86009093,1,/product-details|/blog|/faq|/products
user_79,session_1598,/home,/products,4,49,0.690598828,0,/cart|/product-details|/products|/home|/products|/product-details|/product-details|/about
user_80,session_1854,/products,/products,5,633,0.108352611,1,/products|/cart|/home|/products
user_81,session_1039,/products,/blog,6,365,0.197123492,0,/contact|/home|/blog|/blog|/faq|/product-details|/blog|/products
user_82,session_1159,/home,/blog,4,1025,0.484450449,0,/product-details|/about|/about|/about|/blog|/faq
user_83,session_1752,/products,/cart,2,1071,0.845415437,0,/checkout|/about|/products|/checkout|/faq|/cart
user_84,session_1209,/blog,/blog,5,529,0.401740571,0,/product-details|/home
user_85,session_1988,/blog,/products,3,1669,0.365217451,1,/faq|/faq
user_86,session_1994,/home,/home,4,1276,0.916093596,1,/home|/checkout|/products|/cart|/product-details
user_87,session_1034,/products,/cart,4,519,0.466006227,0,/products|/products|/contact|/products|/cart|/about|/products
user_88,session_1516,/blog,/checkout,5,1296,0.610888354,0,/cart|/contact|/products|/product-details
user_89,session_1013,/home,/home,4,1107,0.3235591,0,/checkout|/product-details|/faq|/about|/cart
user_90,session_1069,/blog,/products,6,753,0.22083941,1,/products|/products|/blog
user_91,session_1895,/blog,/home,6,326,0.277351816,1,/blog|/faq|/product-details
user_92,session_1755,/home,/blog,4,73,0.577102823,0,/checkout|/faq|/contact|/product-details|/contact|/checkout
user_93,session_1409,/about,/products,10,304,0.960071867,0,/products|/home|/home|/product-details|/product-details|/about|/contact|/cart
user_94,session_1308,/blog,/home,7,1068,0.477971477,0,/home|/contact
user_95,session_1278,/blog,/checkout,3,417,0.8554182,1,/faq|/product-details|/products|/faq|/checkout
user_96,session_1089,/home,/products,4,109,0.171729096,1,/products|/product-details|/product-details|/contact|/about|/contact
user_97,session_1537,/home,/blog,7,1649,0.775206821,0,/cart|/checkout|/home|/checkout
user_98,session_1291,/blog,/blog,9,1570,0.339463457,0,/about|/blog
user_99,session_1424,/about,/products,8,1493,0.57640925,0,/home|/contact
user_100,session_1880,/home,/products,6,1109,0.140564375,0,/checkout|/contact|/products|/blog|/about|/about
user_101,session_1286,/products,/blog,4,1311,0.792312591,0,/home|/contact|/faq|/checkout|/home
user_102,session_1671,/products,/products,4,1440,0.919474626,0,/checkout|/checkout|/product-details|/about|/blog|/blog
user_103,session_1121,/blog,/products,6,1566,0.771330109,0,/cart|/blog|/checkout
user_104,session_1110,/home,/products,5,1270,0.187670888,0,/home|/blog|/cart|/faq|/contact|/products|/product-details
user_105,session_1158,/blog,/blog,8,624,0.951031105,0,/about|/about|/faq|/contact|/product-details|/blog|/product-details|/cart
user_106,session_1064,/home,/blog,8,911,0.260675308,0,/cart|/contact
user_107,session_1483,/products,/blog,5,1404,0.822113658,0,/cart|/contact|/product-details|/blog|/home|/blog|/home
user_108,session_1477,/blog,/blog,7,772,0.704141364,0,/product-details|/blog
user_109,session_1480,/products,/home,5,1062,0.476489469,0,/faq|/cart
user_110,session_1711,/about,/products,5,562,0.778157144,0,/faq|/checkout
user_111,session_1067,/blog,/cart,7,290,0.473432856,0,/contact|/faq|/contact|/checkout|/about|/products|/home
user_112,session_1663,/blog,/blog,10,518,0.63462839,0,/contact|/home|/faq|/checkout|/checkout
user_113,session_1847,/blog,/products,6,389,0.387879711,0,/checkout|/home|/blog|/product-details|/faq|/products|/about
user_114,session_1085,/home,/blog,7,429,0.681833099,0,/checkout|/home|/cart|/faq
user_115,session_1165,/blog,/home,5,950,0.422223955,0,/home|/product-details|/home
user_116,session_1648,/blog,/products,5,1660,0.884661291,0,/checkout|/contact|/checkout|/products|/products|/blog|/products
user_117,session_1051,/about,/checkout,6,1059,0.465805897,0,/about|/about|/checkout|/faq|/blog|/product-details|/product-details|/product-details
user_118,session_1074,/home,/products,5,493,0.510246921,1,/contact|/about|/cart|/faq|/checkout|/faq
user_119,session_1178,/blog,/products,11,692,0.900381363,0,/checkout|/cart|/home|/blog|/faq
user_120,session_1362,/products,/home,9,1027,0.686874614,0,/product-details|/cart|/home|/home|/blog|/home|/about|/blog
user_121,session_1236,/products,/products,8,312,0.108951859,0,/products|/contact|/home|/cart|/about|/contact|/home|/contact
user_122,session_1610,/blog,/home,7,1217,0.69000299,1,/faq|/contact|/checkout|/faq|/blog|/about|/contact
user_123,session_1330,/home,/home,4,62,0.31724889,1,/product-details|/faq|/product-details|/product-details|/blog|/faq
user_124,session_1726,/home,/products,3,52,0.968993912,0,/home|/checkout|/contact|/contact|/about
user_125,session_1127,/about,/blog,3,1206,0.502429472,0,/checkout|/products
user_126,session_1212,/blog,/checkout,8,394,0.701767971,0,/about|/cart|/cart
user_127,session_1686,/home,/home,5,709,0.189730703,0,/products|/products|/cart
user_128,session_1785,/blog,/cart,8,312,0.286052845,0,/cart|/faq|/blog|/faq|/home
user_129,session_1814,/about,/checkout,9,1284,0.952558472,0,/contact|/contact
user_130,session_1310,/home,/products,7,1118,0.611228862,0,/blog|/products|/checkout
user_131,session_1744,/products,/home,6,138,0.466761303,0,/product-details|/contact
user_132,session_1243,/products,/products,3,749,0.621815959,0,/home|/faq|/contact|/cart|/cart
user_133,session_1862,/about,/cart,4,216,0.218813201,0,/products|/products|/about|/home|/product-details|/contact
user_134,session_1888,/about,/home,5,742,0.548170803,1,/product-details|/checkout|/home
user_135,session_1792,/products,/home,8,837,0.267669992,0,/blog|/cart|/checkout|/products|/checkout
user_136,session_1113,/home,/blog,5,1136,0.316447593,0,/home|/about|/faq|/blog|/about|/faq
user_137,session_1619,/products,/home,6,170,0.827653219,0,/cart|/about|/checkout|/blog|/about
user_138,session_1893,/products,/blog,6,635,0.710700184,0,/products|/products|/faq|/cart|/home|/products
user_139,session_1151,/products,/home,4,72,0.972270322,1,/faq|/product-details|/home|/blog|/faq|/products|/about
user_140,session_1666,/products,/home,2,634,0.224598388,0,/home|/faq|/home|/home
user_141,session_1614,/products,/checkout,7,1417,0.505496209,0,/faq|/contact|/blog|/home|/checkout|/cart
user_142,session_1767,/products,/blog,8,1342,0.540612961,0,/blog|/cart|/products|/product-details|/products|/cart|/products
user_143,session_1160,/products,/products,10,1475,0.588355243,1,/product-details|/cart|/cart|/faq|/product-details|/blog|/home|/about
user_144,session_1391,/about,/products,3,128,0.510699985,0,/home|/contact|/products|/cart
user_145,session_1155,/blog,/products,7,298,0.25428571,0,/blog|/product-details
user_146,session_1974,/home,/products,5,1186,0.743356248,0,/product-details|/product-details|/checkout|/faq|/about|/checkout
user_147,session_1005,/products,/home,6,725,0.915419019,1,/blog|/home|/product-details|/product-details|/cart|/about
user_148,session_1326,/products,/home,4,355,0.361260483,0,/blog|/product-details
user_149,session_1784,/home,/blog,4,257,0.78854919,0,/cart|/cart|/products|/checkout|/cart|/contact|/checkout
user_150,session_1280,/home,/home,5,258,0.936608478,0,/cart|/blog|/blog|/product-details|/product-details
user_151,session_1800,/products,/blog,7,1135,0.108930536,0,/home|/about
user_152,session_1789,/home,/blog,4,919,0.550433203,0,/checkout|/blog
user_153,session_1567,/blog,/home,4,894,0.333449426,0,/product-details|/home
user_154,session_1843,/home,/home,6,1575,0.515923358,0,/products|/blog|/checkout|/products|/checkout|/blog|/product-details
user_155,session_1238,/blog,/home,3,370,0.466702189,0,/product-details|/product-details|/product-details|/home|/checkout|/about
user_156,session_1764,/products,/products,5,1375,0.851780687,0,/home|/contact|/home|/home
user_157,session_1339,/blog,/blog,6,418,0.220506592,0,/faq|/contact|/products|/cart|/products|/faq|/contact|/contact
user_158,session_1920,/home,/checkout,6,307,0.882578216,0,/home|/product-details|/contact|/product-details|/blog|/about|/about|/cart
user_159,session_1822,/home,/blog,6,285,0.453106405,0,/cart|/home|/checkout|/contact|/home
user_160,session_1137,/products,/products,7,1599,0.658008728,0,/checkout|/products|/checkout|/contact
user_161,session_1455,/products,/blog,12,1214,0.215663065,0,/products|/checkout|/contact|/about|/products
user_162,session_1738,/home,/checkout,8,839,0.893506973,0,/cart|/contact|/about|/product-details|/blog|/checkout
user_163,session_1560,/blog,/cart,3,1297,0.676285875,0,/checkout|/contact
user_164,session_1589,/products,/blog,8,1282,0.560793254,0,/contact|/product-details|/product-details
user_165,session_1083,/blog,/home,6,1175,0.668287554,1,/about|/about|/checkout|/cart|/home|/products
user_166,session_1696,/products,/blog,7,1651,0.968155323,0,/about|/home|/product-details|/cart|/home|/checkout|/faq|/contact
user_167,session_1867,/products,/checkout,8,383,0.8121814,0,/checkout|/cart|/product-details|/products
user_168,session_1196,/home,/products,5,800,0.954098931,1,/products|/contact|/products
user_169,session_1769,/home,/blog,8,96,0.695315683,0,/checkout|/product-details|/checkout|/about
user_170,session_1680,/home,/home,4,309,0.51019029,0,/product-details|/faq|/contact|/product-details|/faq|/home|/product-details
user_171,session_1900,/about,/cart,6,1273,0.950090276,0,/contact|/faq|/product-details|/cart|/products|/home|/blog|/cart
user_172,session_1926,/products,/checkout,3,1340,0.702483459,0,/faq|/about|/faq
user_173,session_1500,/home,/cart,4,791,0.414727551,0,/blog|/home|/faq
user_174,session_1852,/blog,/products,9,651,0.412039687,1,/checkout|/checkout|/checkout
user_175,session_1344,/home,/home,6,887,0.11408268,0,/checkout|/contact|/about|/checkout|/cart|/home|/checkout|/contact
user_176,session_1966,/products,/home,6,72,0.506161616,1,/blog|/product-details|/products|/about|/cart
user_177,session_1459,/products,/home,11,1533,0.559211883,0,/home|/blog|/blog|/cart|/product-details|/home|/about|/blog
user_178,session_1020,/home,/checkout,11,1185,0.154206337,0,/cart|/checkout|/product-details|/product-details|/contact
user_179,session_1996,/home,/blog,7,359,0.767894561,0,/cart|/faq|/home|/cart|/products|/product-details|/blog|/about
user_180,session_1164,/products,/checkout,8,999,0.237819842,0,/cart|/about|/product-details|/about|/products|/home|/product-details
user_181,session_1052,/products,/blog,2,1576,0.409711003,0,/product-details|/product-details
user_182,session_1534,/about,/products,7,436,0.442633186,0,/cart|/contact
user_183,session_1177,/about,/blog,9,631,0.927437042,0,/home|/product-details|/about|/about|/blog
user_184,session_1554,/home,/products,5,1404,0.673429046,0,/about|/product-details
user_185,session_1084,/products,/blog,7,451,0.876871905,1,/blog|/products|/faq|/home|/checkout
user_186,session_1523,/home,/blog,8,165,0.471584212,1,/checkout|/checkout|/products
user_187,session_1633,/home,/cart,6,771,0.734082893,0,/blog|/blog|/cart|/contact|/product-details|/cart|/home|/about
user_188,session_1392,/home,/blog,8,383,0.277550309,0,/checkout|/blog|/about|/contact|/products|/about
user_189,session_1302,/products,/blog,6,1184,0.575032176,0,/cart|/about
user_190,session_1597,/home,/products,2,1130,0.909814935,0,/blog|/product-details|/about|/products
user_191,session_1706,/home,/blog,5,770,0.361580741,0,/faq|/product-details|/home|/product-details|/faq|/contact|/faq|/about
user_192,session_1864,/about,/products,6,293,0.375064922,0,/home|/home|/home
user_193,session_1837,/blog,/blog,6,356,0.486798793,0,/about|/cart|/faq|/about|/products|/home
user_194,session_1430,/home,/cart,6,783,0.898028276,0,/blog|/contact|/home|/checkout|/contact|/about
user_195,session_1710,/blog,/blog,5,719,0.712475868,0,/checkout|/contact|/products
user_196,session_1761,/home,/blog,7,131,0.494012681,0,/checkout|/home|/blog|/cart|/product-details|/about|/contact
user_197,session_1712,/products,/blog,6,40,0.850084364,0,/contact|/home|/checkout|/contact|/about|/checkout
user_198,session_1428,/home,/cart,11,1593,0.317804563,0,/contact|/product-details|/contact|/products|/cart|/about|/contact|/cart
user_199,session_1672,/home,/products,4,571,0.445214137,0,/product-details|/faq
user_200,session_1250,/blog,/blog,11,1734,0.20823968,0,/product-details|/about|/checkout|/about|/checkout|/contact
user_201,session_1429,/home,/products,6,1226,0.309906357,0,/cart|/checkout|/contact|/about
user_202,session_1398,/blog,/cart,7,1542,0.718817814,0,/blog|/contact|/cart|/cart|/cart|/faq
user_203,session_1928,/home,/blog,8,796,0.994014536,1,/home|/faq|/cart|/contact|/about|/products|/products
user_204,session_1381,/home,/blog,7,1668,0.848951282,0,/contact|/blog|/contact|/home|/about|/product-details|/products|/blog
user_205,session_1545,/blog,/blog,7,1365,0.728168686,1,/faq|/faq|/contact|/about|/checkout|/about|/cart|/cart
user_206,session_1040,/home,/blog,13,520,0.572357648,1,/product-details|/products|/faq|/about|/product-details|/contact|/contact|/blog
user_207,session_1522,/home,/products,8,1245,0.264792623,1,/contact|/products|/home|/cart|/about|/cart|/about|/cart
user_208,session_1473,/blog,/products,8,1661,0.983927642,0,/products|/blog|/products|/checkout
user_209,session_1200,/home,/products,4,1341,0.841661015,0,/cart|/about|/product-details|/cart|/faq|/product-details
user_210,session_1125,/products,/products,3,1220,0.971458479,0,/checkout|/contact|/checkout
user_211,session_1265,/home,/blog,6,1347,0.572134375,0,/checkout|/about
user_212,session_1959,/products,/home,4,231,0.769670731,0,/blog|/checkout|/contact|/cart|/about
user_213,session_1186,/products,/home,7,103,0.816239563,0,/product-details|/blog|/cart|/product-details|/home|/contact
user_214,session_1573,/home,/products,6,690,0.551284274,0,/product-details|/products
user_215,session_1252,/home,/checkout,4,918,0.568589282,0,/cart|/contact|/home
user_216,session_1458,/home,/products,8,1712,0.734241144,0,/contact|/home|/products|/home|/product-details
user_217,session_1152,/blog,/blog,10,1709,0.529033096,0,/blog|/faq|/products|/product-details
user_218,session_1054,/products,/blog,5,1171,0.364684631,0,/about|/faq
user_219,session_1538,/products,/checkout,4,588,0.582489463,1,/product-details|/home
user_220,session_1235,/home,/cart,7,972,0.630321345,0,/cart|/blog|/faq|/contact|/cart|/about
user_221,session_1289,/products,/blog,6,1224,0.694104748,0,/home|/checkout|/home|/home|/contact|/product-details|/product-details|/contact
user_222,session_1185,/home,/blog,3,1547,0.960585125,0,/home|/home|/about
user_223,session_1765,/blog,/blog,6,1016,0.343812257,0,/cart|/cart|/about|/blog
user_224,session_1413,/blog,/home,6,197,0.338268869,0,/cart|/about|/product-details
user_225,session_1627,/products,/home,6,1289,0.330505261,0,/blog|/products|/contact|/product-details|/contact|/cart
user_226,session_1794,/products,/products,5,1508,0.491532077,0,/product-details|/product-details|/contact|/cart
user_227,session_1981,/home,/products,5,725,0.484031002,0,/about|/about|/checkout|/cart|/cart|/product-details
user_228,session_1783,/home,/cart,9,375,0.452232785,0,/home|/home|/faq
user_229,session_1205,/products,/blog,7,487,0.611205959,0,/product-details|/home|/home|/blog|/contact|/products
user_230,session_1904,/home,/home,10,96,0.435724954,0,/product-details|/about|/faq|/blog|/faq|/about|/blog|/cart
user_231,session_1564,/blog,/cart,4,966,0.437931089,0,/faq|/contact|/contact|/contact|/home|/checkout|/home
user_232,session_1857,/home,/products,6,1076,0.375923621,0,/products|/blog|/products|/home
user_233,session_1908,/products,/products,3,1061,0.661935111,0,/blog|/blog|/about
user_234,session_1727,/home,/home,7,1618,0.248176994,0,/checkout|/checkout|/contact|/checkout
user_235,session_1346,/home,/blog,4,785,0.221759528,1,/products|/products|/blog|/about|/faq|/faq
user_236,session_1858,/blog,/cart,6,451,0.173818549,0,/cart|/about
user_237,session_1468,/blog,/products,6,937,0.168598952,0,/faq|/products|/checkout|/faq|/cart|/products|/blog
user_238,session_1509,/home,/products,8,148,0.721033688,1,/products|/blog|/checkout|/product-details|/cart|/cart|/faq|/faq
user_239,session_1057,/blog,/home,9,1197,0.973679694,0,/cart|/home|/checkout
user_240,session_1457,/home,/products,6,1330,0.813277543,1,/cart|/products|/product-details|/faq|/about|/checkout
user_241,session_1617,/products,/home,10,417,0.689175653,0,/about|/faq|/cart|/cart|/faq
user_242,session_1357,/products,/blog,5,366,0.721123351,0,/faq|/blog|/cart|/contact|/cart
user_243,session_1279,/products,/home,7,1575,0.411106022,0,/contact|/faq|/blog|/cart|/products|/home|/products|/checkout
user_244,session_1270,/blog,/blog,7,547,0.67964931,0,/about|/product-details|/checkout|/about|/faq|/about|/cart|/home
user_245,session_1646,/products,/products,7,1775,0.450779431,0,/product-details|/checkout|/home|/contact|/products|/blog|/checkout
user_246,session_1347,/about,/blog,4,1321,0.21186281,0,/products|/cart|/contact
user_247,session_1129,/about,/blog,5,1676,0.805427162,0,/checkout|/products|/home|/cart|/cart|/home|/cart|/blog
user_248,session_1218,/home,/home,4,1361,0.881274168,0,/home|/home|/about|/faq|/home
user_249,session_1618,/products,/products,6,605,0.47503778,0,/contact|/home|/products|/faq|/blog|/faq
user_250,session_1698,/home,/blog,6,694,0.684100714,1,/home|/products
user_251,session_1337,/products,/blog,3,90,0.618556527,1,/checkout|/home|/blog|/home
user_252,session_1976,/home,/checkout,7,1614,0.904668533,1,/blog|/contact|/cart|/faq
user_253,session_1539,/home,/checkout,6,953,0.456049379,0,/blog|/about|/product-details|/faq|/contact|/faq|/home|/products
user_254,session_1975,/home,/products,7,640,0.45684065,1,/checkout|/checkout|/products
user_255,session_1861,/home,/blog,5,1465,0.377243169,0,/checkout|/contact|/checkout|/cart
user_256,session_1553,/blog,/home,5,1432,0.187417528,0,/checkout|/faq|/products|/products|/home|/product-details|/product-details
user_257,session_1724,/products,/home,7,1414,0.753828489,0,/blog|/contact
user_258,session_1390,/blog,/blog,10,972,0.900776028,0,/product-details|/faq|/checkout|/faq|/home
user_259,session_1498,/products,/products,5,224,0.600634337,0,/blog|/home|/contact|/home|/blog|/checkout|/product-details
user_260,session_1222,/home,/products,4,1602,0.218422093,0,/blog|/product-details
user_261,session_1899,/products,/blog,4,265,0.913158809,0,/faq|/faq|/contact|/cart
user_262,session_1657,/blog,/products,6,1499,0.456862935,0,/blog|/faq|/product-details|/products|/faq
user_263,session_1421,/blog,/home,5,1009,0.217189406,0,/contact|/faq|/home
user_264,session_1762,/products,/home,5,1016,0.909640883,0,/faq|/cart|/home|/faq|/contact|/blog|/product-details
user_265,session_1660,/products,/products,5,1330,0.501565976,0,/about|/cart|/home|/home|/about|/products
user_266,session_1163,/products,/blog,7,718,0.4901271,0,/product-details|/faq|/blog
user_267,session_1846,/blog,/products,8,1461,0.475505592,0,/product-details|/product-details|/blog|/contact
user_268,session_1673,/blog,/products,6,1538,0.382742688,1,/product-details|/products|/home
user_269,session_1578,/home,/cart,6,1433,0.227096366,0,/product-details|/cart|/faq|/cart|/products
user_270,session_1913,/home,/home,6,768,0.811422162,1,/product-details|/faq|/contact|/products
user_271,session_1878,/home,/home,7,325,0.856743461,0,/faq|/about|/products|/home|/checkout
user_272,session_1225,/blog,/blog,7,1313,0.273673014,0,/cart|/about
user_273,session_1389,/home,/products,3,198,0.511512339,0,/products|/product-details|/checkout|/product-details
user_274,session_1117,/blog,/checkout,3,131,0.327503647,0,/cart|/cart|/home|/contact|/product-details|/blog|/products
user_275,session_1771,/blog,/products,10,69,0.174646858,0,/about|/blog|/cart|/home|/products|/contact|/blog|/contact
user_276,session_1885,/about,/products,5,1185,0.792149322,0,/home|/checkout|/products
user_277,session_1055,/products,/checkout,6,1257,0.349190391,0,/product-details|/product-details
user_278,session_1947,/about,/home,10,358,0.554570326,0,/home|/contact|/product-details|/contact|/product-details|/product-details|/cart
user_279,session_1811,/blog,/checkout,4,1439,0.221056787,0,/about|/contact|/cart|/faq|/contact|/product-details|/products|/blog
user_280,session_1557,/blog,/products,4,1430,0.529511442,0,/checkout|/about|/blog|/home|/checkout|/blog|/cart
user_281,session_1658,/home,/blog,7,1148,0.865556392,0,/about|/blog|/product-details|/faq|/blog|/home|/about
user_282,session_1682,/home,/products,8,1721,0.112661933,1,/product-details|/contact|/contact|/faq|/checkout|/cart|/faq
user_283,session_2000,/home,/cart,8,286,0.995052908,0,/products|/faq|/blog
user_284,session_1134,/blog,/cart,4,138,0.810106612,0,/cart|/cart|/checkout
user_285,session_1891,/home,/cart,3,1697,0.325221402,1,/faq|/blog
user_286,session_1688,/home,/products,8,1529,0.766471038,0,/cart|/blog|/blog|/products|/product-details|/product-details|/home
user_287,session_1447,/home,/products,10,659,0.51693189,0,/faq|/products
user_288,session_1104,/products,/home,7,740,0.131910545,0,/home|/blog|/home
user_289,session_1716,/home,/blog,5,1733,0.649143641,0,/faq|/product-details|/contact
user_290,session_1845,/blog,/home,7,202,0.460239539,1,/checkout|/checkout|/faq|/faq|/checkout
user_291,session_1210,/home,/products,9,1285,0.996962745,0,/contact|/contact|/about|/checkout|/products|/blog|/contact
user_292,session_1349,/blog,/home,6,1010,0.498329185,0,/blog|/blog|/faq|/home
user_293,session_1401,/blog,/products,6,1593,0.108936497,0,/home|/products|/product-details|/contact|/cart|/faq|/contact
user_294,session_1258,/home,/products,8,1327,0.122898653,0,/about|/about|/home|/cart
user_295,session_1915,/home,/home,5,1144,0.373277322,0,/blog|/about|/product-details|/blog|/about
user_296,session_1386,/products,/products,10,305,0.211903023,0,/home|/checkout|/home|/cart
user_297,session_1941,/blog,/blog,2,869,0.20307509,0,/cart|/about|/faq|/about
user_298,session_1024,/products,/home,5,800,0.506843862,0,/home|/contact|/home|/product-details
user_299,session_1466,/about,/blog,4,305,0.468972074,1,/product-details|/checkout|/product-details|/checkout|/cart
user_300,session_1130,/home,/blog,5,1505,0.344204303,0,/cart|/product-details
user_301,session_1886,/products,/blog,6,540,0.452181462,1,/blog|/about|/about|/contact
user_302,session_1943,/home,/products,7,1156,0.600705494,0,/cart|/checkout|/home
user_303,session_1377,/products,/products,8,882,0.309478177,0,/faq|/products|/about
user_304,session_1170,/products,/products,5,1032,0.14268027,0,/products|/checkout|/about|/cart
user_305,session_1445,/home,/home,2,1112,0.970016107,0,/checkout|/about|/product-details|/checkout|/cart
user_306,session_1234,/blog,/products,10,218,0.243789753,0,/contact|/contact
user_307,session_1422,/home,/products,9,892,0.641292243,0,/product-details|/products|/checkout
user_308,session_1508,/products,/products,6,317,0.94466872,0,/about|/cart|/contact|/faq|/product-details|/checkout|/product-details
user_309,session_1910,/products,/blog,9,790,0.992491929,0,/cart|/blog|/about|/blog|/blog
user_310,session_1080,/products,/cart,7,1217,0.632287036,0,/products|/cart|/cart|/about|/faq|/product-details|/about
user_311,session_1894,/products,/blog,4,1044,0.81542916,0,/cart|/contact|/about|/faq|/products
user_312,session_1548,/home,/blog,4,502,0.178971437,0,/about|/product-details|/faq|/contact|/checkout|/faq|/blog
user_313,session_1475,/home,/blog,7,561,0.192591754,0,/about|/faq|/product-details|/home
user_314,session_1903,/products,/blog,9,49,0.217356917,0,/blog|/home|/contact|/products
user_315,session_1343,/about,/checkout,4,554,0.303019656,0,/product-details|/cart|/contact|/blog|/about|/faq|/contact
user_316,session_1323,/home,/checkout,9,1276,0.401685249,0,/blog|/about|/checkout|/contact|/products|/cart|/home|/products
user_317,session_1479,/home,/products,6,159,0.646829342,0,/faq|/checkout|/about|/cart|/home|/contact|/blog|/cart
user_318,session_1838,/home,/home,3,1755,0.276746127,0,/checkout|/about|/home|/blog
user_319,session_1450,/products,/products,8,1448,0.353499561,0,/checkout|/product-details|/about|/checkout|/products|/products|/products|/faq
user_320,session_1111,/products,/checkout,10,1607,0.172792494,0,/blog|/cart
user_321,session_1317,/blog,/products,8,948,0.674595191,0,/checkout|/about|/checkout|/cart|/checkout
user_322,session_1741,/about,/checkout,5,638,0.871678115,0,/product-details|/blog|/blog|/contact|/home|/about
user_323,session_1287,/products,/products,4,856,0.791281394,0,/home|/home
user_324,session_1585,/home,/blog,4,222,0.643882875,0,/blog|/contact|/checkout
user_325,session_1292,/home,/products,5,436,0.696850388,0,/about|/blog|/product-details|/products|/cart|/blog|/product-details|/home
user_326,session_1226,/blog,/blog,4,694,0.772221279,0,/blog|/faq
user_327,session_1297,/blog,/home,4,742,0.5018131,0,/product-details|/checkout|/product-details|/home|/about|/products
user_328,session_1605,/blog,/checkout,3,1209,0.2865048,0,/contact|/cart
user_329,session_1637,/about,/products,7,275,0.333943505,0,/faq|/cart|/about|/blog|/faq|/cart|/home|/about
user_330,session_1834,/products,/cart,8,852,0.490404737,0,/faq|/about|/home|/cart|/checkout|/faq|/home
user_331,session_1237,/products,/home,3,290,0.188778984,0,/cart|/contact|/product-details
user_332,session_1700,/home,/checkout,3,1009,0.129819414,1,/blog|/home|/blog
user_333,session_1809,/blog,/blog,1,79,0.67006778,0,/faq|/checkout|/about
user_334,session_1033,/home,/home,4,1455,0.583938773,1,/contact|/home|/contact|/contact|/blog|/products|/product-details
user_335,session_1836,/products,/products,9,1511,0.83964092,1,/home|/faq
user_336,session_1396,/about,/home,4,387,0.695356976,0,/product-details|/products|/contact|/products
user_337,session_1935,/blog,/products,12,1004,0.521425082,0,/contact|/contact|/checkout|/checkout|/cart|/product-details|/blog
user_338,session_1917,/blog,/checkout,7,1115,0.872669791,0,/checkout|/cart|/products|/about|/product-details|/home|/products|/products
user_339,session_1076,/home,/cart,5,264,0.797014524,0,/product-details|/about|/about|/contact|/home|/products|/home|/blog
user_340,session_1094,/products,/cart,5,1264,0.444102729,0,/blog|/product-details
user_341,session_1030,/about,/cart,8,1584,0.988339652,0,/checkout|/contact|/contact|/checkout|/blog|/cart|/faq|/home
user_342,session_1723,/products,/blog,6,1712,0.292258363,0,/faq|/blog
user_343,session_1175,/home,/checkout,6,1329,0.976089203,0,/checkout|/product-details|/about|/about
user_344,session_1916,/home,/blog,5,33,0.505825533,0,/blog|/contact|/contact|/home|/cart
user_345,session_1685,/home,/blog,9,1395,0.37930008,0,/cart|/checkout|/products|/product-details|/contact|/product-details|/product-details
user_346,session_1115,/blog,/blog,7,639,0.873294156,1,/cart|/products
user_347,session_1751,/home,/products,7,757,0.736940474,0,/cart|/product-details|/cart|/contact|/cart|/product-details
user_348,session_1608,/about,/checkout,5,36,0.60127056,0,/products|/blog|/home|/home|/checkout
user_349,session_1465,/products,/products,6,625,0.317146518,0,/faq|/products|/product-details|/checkout|/blog|/home|/contact
user_350,session_1358,/products,/products,10,604,0.571958492,0,/product-details|/home|/product-details|/home|/products|/contact|/home
user_351,session_1902,/about,/home,2,846,0.779359813,0,/checkout|/contact|/contact
user_352,session_1096,/home,/blog,6,1491,0.549868364,0,/about|/products|/blog|/checkout
user_353,session_1782,/blog,/checkout,8,1193,0.529056722,0,/products|/products|/about|/products|/cart|/checkout
user_354,session_1397,/home,/products,5,679,0.553208859,0,/blog|/faq|/about|/products|/faq
user_355,session_1404,/products,/blog,5,1425,0.648401962,0,/home|/checkout|/checkout|/home|/checkout|/about|/checkout
user_356,session_1148,/home,/checkout,9,706,0.544181212,0,/checkout|/faq|/checkout|/products|/product-details|/product-details
user_357,session_1813,/home,/cart,3,1701,0.275649606,0,/about|/blog|/faq
user_358,session_1968,/blog,/checkout,6,1396,0.560907696,0,/blog|/products|/blog|/home
user_359,session_1714,/home,/home,5,570,0.897374154,0,/about|/cart|/about|/products
user_360,session_1338,/products,/products,4,457,0.168404742,1,/home|/home
user_361,session_1869,/products,/products,6,304,0.519811001,0,/faq|/home|/about
user_362,session_1106,/home,/products,4,1602,0.879307183,0,/contact|/about|/cart|/contact|/home|/about
user_363,session_1011,/about,/blog,8,986,0.395044779,0,/products|/product-details|/blog
user_364,session_1625,/products,/home,7,1634,0.635610655,0,/checkout|/about|/product-details|/about|/product-details|/home
user_365,session_1364,/home,/checkout,3,1798,0.522516137,0,/cart|/contact|/checkout|/products|/faq|/home|/blog
user_366,session_1705,/about,/blog,3,1013,0.783705423,0,/faq|/faq|/cart
user_367,session_1403,/blog,/cart,5,621,0.577404029,0,/home|/products|/products|/products
user_368,session_1461,/products,/blog,10,1214,0.971829353,0,/faq|/checkout|/faq|/faq|/checkout|/contact|/cart
user_369,session_1704,/home,/home,9,1577,0.954253499,1,/contact|/product-details|/products|/product-details|/cart|/product-details
user_370,session_1031,/blog,/home,4,1761,0.617495335,0,/home|/blog|/about
user_371,session_1655,/about,/home,9,745,0.220009228,0,/cart|/product-details|/home|/product-details
user_372,session_1661,/blog,/cart,3,1330,0.327952351,0,/faq|/cart|/home|/contact|/contact
user_373,session_1016,/home,/blog,9,590,0.993730237,0,/product-details|/home|/blog|/checkout|/cart|/products|/faq
user_374,session_1420,/about,/products,3,838,0.466996954,0,/products|/product-details
user_375,session_1882,/products,/products,10,453,0.297701885,0,/faq|/home
user_376,session_1417,/home,/products,4,1255,0.413421182,0,/contact|/checkout|/home|/checkout|/contact
user_377,session_1464,/home,/checkout,6,767,0.612388062,0,/checkout|/about|/products|/cart|/cart|/products
user_378,session_1412,/home,/home,7,1251,0.127305874,0,/products|/product-details|/cart|/home|/about|/home|/product-details|/home
user_379,session_1810,/blog,/products,5,1711,0.117809452,0,/home|/faq|/products|/cart
user_380,session_1524,/blog,/products,2,120,0.401909731,0,/cart|/contact|/faq|/faq|/checkout|/faq|/product-details|/products
user_381,session_1437,/about,/products,7,1125,0.330766818,0,/cart|/product-details|/home|/product-details|/home|/products
user_382,session_1732,/home,/blog,5,1352,0.120444331,0,/about|/faq|/products|/checkout|/home|/products
user_383,session_1562,/about,/home,8,1246,0.791061889,0,/faq|/cart|/about|/about
user_384,session_1204,/blog,/products,6,1578,0.802845912,0,/blog|/contact
user_385,session_1720,/blog,/products,12,1445,0.723972184,0,/product-details|/products|/cart|/product-details|/blog
user_386,session_1965,/products,/blog,3,1592,0.145968245,0,/faq|/products
user_387,session_1624,/about,/products,2,1766,0.693376189,0,/products|/product-details|/blog|/faq
user_388,session_1384,/products,/blog,6,1001,0.786403859,0,/blog|/about|/products|/blog|/products|/about|/product-details
user_389,session_1122,/blog,/products,6,1412,0.388300511,0,/home|/contact|/products|/faq|/about
user_390,session_1399,/products,/checkout,1,1056,0.463583424,0,/contact|/faq|/blog|/product-details
user_391,session_1634,/products,/home,7,166,0.129360465,1,/products|/checkout|/about|/products|/faq|/contact|/about
user_392,session_1315,/about,/blog,3,860,0.543003952,0,/checkout|/contact|/home|/blog|/checkout|/checkout|/about
user_393,session_1259,/products,/home,6,297,0.227507414,0,/blog|/about|/home|/about|/cart|/about|/faq
user_394,session_1494,/home,/products,10,1015,0.819242586,0,/home|/blog|/contact|/cart|/checkout
user_395,session_1780,/home,/home,3,129,0.468201172,0,/contact|/faq|/product-details|/blog|/about|/products
user_396,session_1048,/products,/blog,10,1334,0.942791264,0,/faq|/home|/checkout|/contact
user_397,session_1331,/products,/home,8,34,0.759618789,0,/home|/product-details|/products|/home|/faq|/cart
user_398,session_1100,/about,/blog,8,185,0.491466425,0,/faq|/contact|/cart
user_399,session_1108,/blog,/home,4,1626,0.818946009,0,/product-details|/product-details|/about|/product-details
user_400,session_1301,/home,/products,12,1754,0.429671158,0,/contact|/checkout|/home
user_401,session_1010,/blog,/home,7,580,0.442888826,0,/contact|/cart|/checkout|/checkout|/checkout|/products|/product-details|/about
user_402,session_1697,/about,/blog,5,1166,0.706192883,0,/about|/product-details|/contact|/faq
user_403,session_1851,/products,/products,8,1187,0.495792941,0,/products|/checkout|/about|/product-details
user_404,session_1980,/products,/blog,10,1114,0.741344762,1,/home|/blog|/blog|/checkout|/contact|/blog|/contact|/home
user_405,session_1402,/home,/blog,9,1590,0.491785904,0,/cart|/contact|/contact|/home
user_406,session_1889,/products,/blog,4,1413,0.6988347,0,/blog|/checkout
user_407,session_1804,/home,/blog,3,569,0.570757748,0,/contact|/home|/blog|/checkout|/products|/faq
user_408,session_1925,/products,/cart,8,126,0.913227233,0,/blog|/about|/checkout|/home|/blog|/cart
user_409,session_1395,/home,/home,8,820,0.944083972,0,/blog|/blog
user_410,session_1986,/home,/products,3,784,0.964990026,0,/cart|/faq|/home|/product-details|/contact|/contact
user_411,session_1008,/products,/products,4,1157,0.310330938,0,/product-details|/about|/home|/blog|/cart|/checkout|/product-details|/home
user_412,session_1261,/products,/blog,7,1348,0.488300672,1,/products|/contact|/product-details|/product-details|/blog|/contact|/checkout
user_413,session_1541,/home,/blog,3,1073,0.476990887,0,/products|/product-details|/product-details|/products
user_414,session_1306,/home,/home,2,849,0.243626036,1,/checkout|/blog
user_415,session_1853,/blog,/products,9,418,0.578237349,0,/home|/cart
user_416,session_1883,/products,/checkout,3,833,0.940150858,0,/about|/cart|/checkout
user_417,session_1282,/home,/cart,9,1389,0.181364401,1,/blog|/faq|/faq|/products|/cart|/about|/contact
user_418,session_1267,/home,/blog,3,487,0.690760299,0,/cart|/home|/product-details|/contact
user_419,session_1262,/about,/cart,5,1282,0.260665828,0,/contact|/product-details|/blog|/about|/faq|/products|/product-details|/contact
user_420,session_1760,/home,/products,4,1408,0.323723909,0,/cart|/checkout|/cart|/home|/checkout|/home|/contact
user_421,session_1219,/products,/home,8,714,0.621425929,0,/checkout|/home
user_422,session_1352,/blog,/checkout,6,576,0.189237903,0,/cart|/home
user_423,session_1119,/home,/products,4,226,0.698801956,0,/faq|/product-details|/cart|/cart|/cart|/product-details
user_424,session_1452,/home,/blog,5,879,0.658247306,0,/faq|/cart|/product-details|/product-details
user_425,session_1036,/products,/home,5,1334,0.885588077,0,/cart|/products|/home|/checkout
user_426,session_1870,/blog,/blog,9,946,0.278957539,0,/blog|/blog|/checkout
user_427,session_1961,/home,/cart,6,1664,0.388641695,0,/products|/contact|/faq|/faq|/about|/contact
user_428,session_1240,/home,/blog,9,56,0.468737691,0,/cart|/cart|/products|/faq|/product-details|/products
user_429,session_1304,/products,/blog,5,1652,0.934311765,0,/checkout|/contact
user_430,session_1600,/about,/home,8,1056,0.1391328,0,/product-details|/cart|/contact|/products
user_431,session_1694,/products,/products,8,1461,0.274277087,0,/blog|/products|/home|/product-details
user_432,session_1105,/products,/cart,5,797,0.748057064,1,/blog|/contact|/about|/contact
user_433,session_1388,/home,/products,10,587,0.149691518,0,/product-details|/contact|/home|/faq|/about
user_434,session_1934,/blog,/blog,6,754,0.983110743,0,/blog|/about|/blog|/product-details|/about
user_435,session_1180,/home,/products,5,557,0.123243903,0,/blog|/home|/faq|/blog|/contact|/product-details
user_436,session_1906,/products,/products,6,243,0.558291836,0,/blog|/faq|/contact|/product-details|/faq|/home|/blog
user_437,session_1615,/products,/home,6,523,0.878692903,0,/products|/product-details|/checkout|/faq|/cart
user_438,session_1241,/home,/home,8,518,0.371453151,0,/product-details|/products|/faq|/products
user_439,session_1703,/about,/blog,10,632,0.6577914,0,/blog|/cart|/checkout|/products|/cart|/contact|/home
user_440,session_1559,/products,/checkout,6,62,0.608712368,0,/product-details|/cart|/product-details
user_441,session_1037,/blog,/blog,5,1377,0.503304688,0,/product-details|/blog
user_442,session_1303,/products,/checkout,4,821,0.948322301,0,/product-details|/contact|/product-details|/contact|/faq|/contact|/home|/faq
user_443,session_1019,/home,/checkout,1,1094,0.446074005,0,/checkout|/checkout|/checkout|/checkout|/about|/blog|/product-details|/product-details
user_444,session_1378,/products,/blog,7,216,0.410491463,0,/blog|/faq|/blog|/about|/product-details
user_445,session_1549,/blog,/home,7,86,0.949293382,0,/contact|/about|/products|/contact|/home
user_446,session_1990,/products,/cart,2,357,0.183256819,0,/home|/blog|/faq|/contact|/checkout
user_447,session_1733,/products,/checkout,4,86,0.896637358,0,/blog|/about|/products|/faq|/checkout|/faq
user_448,session_1188,/products,/products,6,1692,0.368527974,0,/contact|/about|/blog|/products|/contact
user_449,session_1860,/products,/products,4,899,0.241976841,0,/faq|/faq|/checkout|/checkout|/checkout|/home|/about|/contact
user_450,session_1393,/products,/checkout,4,1450,0.200710947,0,/blog|/checkout|/checkout
user_451,session_1139,/products,/blog,9,1020,0.173899125,0,/cart|/faq|/faq|/faq
user_452,session_1992,/home,/home,5,224,0.308669232,0,/cart|/contact
user_453,session_1371,/about,/blog,12,49,0.874994217,1,/home|/home|/blog|/faq
user_454,session_1189,/products,/blog,7,795,0.471889354,0,/cart|/checkout|/home|/products
user_455,session_1311,/home,/home,4,397,0.741222004,0,/blog|/product-details|/contact|/product-details|/about|/product-details|/home
user_456,session_1547,/blog,/cart,6,1457,0.936902107,0,/contact|/products|/cart|/blog|/blog|/checkout|/blog
user_457,session_1418,/products,/products,8,934,0.374213966,0,/blog|/blog|/checkout|/products|/home|/contact|/home|/contact
user_458,session_1382,/blog,/blog,7,983,0.764693677,0,/blog|/contact|/product-details|/about|/blog|/checkout|/checkout
user_459,session_1038,/home,/home,6,1673,0.688702765,0,/about|/products|/home|/contact|/faq|/home|/faq|/checkout
user_460,session_1816,/blog,/products,6,165,0.374023964,0,/contact|/about
user_461,session_1319,/blog,/home,6,69,0.119372199,0,/home|/about|/about|/product-details|/about|/blog|/products
user_462,session_1596,/blog,/blog,4,1017,0.443930316,0,/about|/product-details|/about|/about|/blog|/checkout
user_463,session_1120,/blog,/home,9,215,0.327682006,0,/faq|/home|/product-details|/blog|/checkout|/contact
user_464,session_1604,/products,/blog,4,496,0.579424432,1,/home|/products|/faq
user_465,session_1533,/about,/home,6,278,0.701399261,0,/faq|/faq
user_466,session_1441,/home,/cart,6,301,0.362783933,0,/faq|/contact|/faq|/about|/faq|/home
user_467,session_1199,/home,/blog,4,1038,0.523844395,0,/faq|/blog|/home|/checkout|/contact|/about|/checkout
user_468,session_1499,/home,/blog,11,134,0.44161797,0,/faq|/cart
user_469,session_1944,/products,/cart,5,1144,0.189946933,0,/cart|/products|/contact|/checkout|/about|/checkout|/product-details
user_470,session_1609,/home,/blog,3,1333,0.260380788,0,/faq|/blog|/product-details|/products|/blog|/home|/product-details|/products
user_471,session_1081,/about,/home,7,692,0.860509459,0,/faq|/about|/cart|/about|/checkout
user_472,session_1942,/blog,/cart,6,1278,0.525382098,0,/contact|/blog
user_473,session_1717,/home,/blog,2,125,0.889837555,1,/product-details|/faq|/products|/cart|/contact|/contact|/about|/products
user_474,session_1650,/products,/blog,5,1063,0.857608565,0,/products|/home|/faq|/home
user_475,session_1006,/products,/cart,8,498,0.256238705,0,/about|/checkout|/checkout
user_476,session_1128,/blog,/home,4,349,0.752135572,0,/faq|/faq|/product-details|/products|/product-details|/home
user_477,session_1049,/products,/home,3,539,0.483788374,0,/about|/cart|/home|/faq|/faq|/about|/contact
user_478,session_1476,/home,/home,7,1099,0.626685892,0,/blog|/faq|/blog|/product-details|/cart|/home|/cart|/faq
user_479,session_1239,/products,/home,6,773,0.790743249,0,/checkout|/blog|/products|/cart
user_480,session_1340,/home,/products,5,1156,0.933060958,0,/product-details|/cart|/checkout
user_481,session_1193,/blog,/products,5,1707,0.825517422,0,/faq|/faq|/contact|/contact|/about|/cart|/blog
user_482,session_1824,/home,/products,9,961,0.94774356,0,/products|/cart|/blog
user_483,session_1561,/about,/checkout,9,471,0.368641247,0,/checkout|/home|/product-details|/product-details|/checkout|/checkout|/checkout|/contact
user_484,session_1645,/blog,/products,4,1345,0.101472687,0,/contact|/cart|/product-details|/checkout
user_485,session_1190,/products,/blog,6,969,0.270842873,0,/about|/checkout
user_486,session_1191,/home,/products,3,271,0.769028822,0,/faq|/faq
user_487,session_1446,/products,/cart,6,455,0.671483041,0,/product-details|/products|/home|/faq|/checkout
user_488,session_1668,/products,/blog,3,239,0.55507304,0,/products|/home|/faq|/faq|/home
user_489,session_1630,/about,/blog,7,220,0.12491325,0,/about|/checkout|/faq|/checkout|/faq|/checkout|/checkout
user_490,session_1571,/home,/checkout,3,1182,0.154955793,0,/about|/cart|/about|/blog|/products
user_491,session_1512,/products,/blog,4,1336,0.253932773,0,/checkout|/product-details|/faq|/blog
user_492,session_1059,/about,/home,8,822,0.994717224,0,/about|/products|/contact|/products|/faq|/products
user_493,session_1305,/products,/home,5,290,0.802371254,1,/products|/contact|/product-details|/product-details|/products|/faq|/home
user_494,session_1832,/products,/products,6,1518,0.570099497,0,/product-details|/contact
user_495,session_1061,/home,/products,9,1794,0.139788444,1,/contact|/contact|/cart|/products|/products|/faq|/contact|/home
user_496,session_1570,/blog,/blog,7,64,0.343165848,0,/about|/product-details|/home|/faq|/contact|/home
user_497,session_1591,/products,/home,7,980,0.203426945,0,/products|/products|/about|/product-details|/products
user_498,session_1676,/home,/home,6,1440,0.75045316,0,/contact|/cart|/product-details|/checkout|/about|/product-details|/faq|/products
user_499,session_1770,/products,/home,3,958,0.464374768,0,/checkout|/products
user_500,session_1955,/blog,/checkout,8,466,0.897283068,1,/blog|/cart|/faq|/faq|/about|/blog|/about|/contact
user_501,session_1510,/products,/products,7,868,0.443168215,0,/blog|/blog|/blog|/product-details|/contact|/cart
user_502,session_1962,/products,/blog,9,547,0.484990484,0,/product-details|/faq|/about|/blog|/contact|/contact
user_503,session_1088,/home,/home,3,1742,0.135740281,0,/home|/cart|/home|/checkout|/about|/cart|/about
user_504,session_1132,/blog,/products,8,1267,0.504650768,1,/faq|/faq|/contact|/checkout|/blog|/product-details
user_505,session_1438,/home,/products,5,1352,0.725280982,0,/blog|/home
user_506,session_1777,/home,/products,5,54,0.827579931,0,/home|/checkout|/cart
user_507,session_1788,/home,/home,9,740,0.238167227,0,/blog|/products|/product-details|/about
user_508,session_1471,/about,/cart,4,833,0.597254692,0,/about|/product-details|/about|/product-details|/about|/products
user_509,session_1251,/products,/blog,2,246,0.493484658,0,/home|/home|/product-details
user_510,session_1203,/home,/products,7,485,0.755818273,1,/about|/products|/product-details|/home|/blog
user_511,session_1246,/about,/products,2,295,0.479873043,0,/product-details|/faq|/contact|/home|/contact|/contact|/about|/product-details
user_512,session_1481,/home,/checkout,8,768,0.504573759,0,/cart|/product-details|/about|/cart|/faq|/about
user_513,session_1574,/blog,/blog,9,413,0.781284179,0,/product-details|/product-details|/home|/home|/contact|/checkout
user_514,session_1440,/home,/home,4,955,0.321770805,0,/about|/home|/faq|/faq|/product-details|/cart|/about|/home
user_515,session_1435,/home,/checkout,4,1601,0.526326668,0,/checkout|/blog|/products
user_516,session_1626,/home,/home,8,944,0.305109429,0,/checkout|/home|/blog|/products|/about|/home|/contact
user_517,session_1492,/home,/products,9,782,0.50190733,0,/checkout|/faq
user_518,session_1817,/blog,/checkout,4,553,0.913124308,0,/about|/checkout|/products|/products|/product-details|/home|/contact|/checkout
user_519,session_1131,/home,/home,5,427,0.955910314,0,/products|/contact|/checkout|/about|/faq|/about
user_520,session_1667,/home,/products,5,124,0.627448293,1,/home|/blog|/checkout|/faq
user_521,session_1478,/home,/home,7,1421,0.680512995,0,/blog|/about|/contact|/home|/blog|/home|/home|/faq
user_522,session_1162,/products,/cart,5,1726,0.948894163,0,/checkout|/contact|/contact|/product-details|/contact|/products
user_523,session_1322,/products,/products,8,1642,0.760181758,0,/cart|/checkout
user_524,session_1692,/about,/checkout,5,547,0.95523273,0,/contact|/about|/faq
user_525,session_1168,/home,/products,4,461,0.71431335,0,/faq|/checkout|/product-details|/contact|/faq|/products|/about|/product-details
user_526,session_1442,/blog,/products,1,575,0.332567759,0,/about|/blog|/checkout|/cart|/faq|/faq|/product-details|/checkout
user_527,session_1276,/about,/products,5,611,0.744593714,1,/cart|/contact|/contact
user_528,session_1078,/products,/blog,6,1118,0.540987721,1,/product-details|/home|/products|/faq|/faq|/checkout|/product-details|/checkout
user_529,session_1957,/home,/home,5,1154,0.918264056,0,/blog|/product-details
user_530,session_1819,/blog,/home,4,221,0.940914054,0,/home|/home|/home|/faq|/products|/products
user_531,session_1527,/home,/blog,13,912,0.529507997,0,/cart|/contact
user_532,session_1835,/products,/products,5,114,0.496078601,0,/product-details|/product-details|/faq|/products
user_533,session_1095,/products,/checkout,6,1194,0.636343167,1,/faq|/products|/checkout|/home|/checkout|/cart|/blog|/blog
user_534,session_1406,/home,/blog,4,1720,0.735875581,0,/product-details|/product-details|/checkout|/product-details|/product-details
user_535,session_1552,/home,/home,7,1723,0.978003856,1,/cart|/products|/blog|/home|/home|/about|/blog
user_536,session_1379,/blog,/products,6,1641,0.519248984,0,/contact|/home|/home|/contact|/products|/checkout|/faq
user_537,session_1342,/products,/cart,5,872,0.368238411,0,/blog|/checkout|/faq|/cart|/checkout|/cart
user_538,session_1221,/products,/home,5,684,0.843806673,0,/faq|/blog|/faq
user_539,session_1184,/products,/checkout,5,719,0.911484746,0,/faq|/about
user_540,session_1161,/blog,/blog,8,1695,0.652645435,0,/product-details|/about|/checkout
user_541,session_1504,/products,/blog,9,1245,0.344709558,1,/contact|/checkout|/contact
user_542,session_1448,/products,/home,7,768,0.489709539,0,/product-details|/contact|/faq|/faq|/checkout|/home|/home
user_543,session_1242,/home,/home,5,880,0.96074198,0,/product-details|/faq|/products|/contact|/about|/product-details
user_544,session_1181,/products,/blog,7,1352,0.558370095,0,/faq|/cart
user_545,session_1718,/products,/cart,6,1331,0.327363846,1,/faq|/product-details
user_546,session_1812,/products,/blog,2,864,0.469301537,0,/products|/faq
user_547,session_1918,/products,/checkout,7,758,0.286944271,1,/checkout|/product-details|/faq
user_548,session_1930,/home,/home,7,742,0.553232855,1,/blog|/checkout|/cart|/contact|/products|/home|/checkout
user_549,session_1414,/home,/home,5,1218,0.864993547,0,/blog|/faq|/products
user_550,session_1407,/products,/home,2,1253,0.119882607,0,/cart|/home|/contact|/products|/checkout
user_551,session_1991,/blog,/home,11,134,0.849439406,0,/about|/checkout
user_552,session_1949,/home,/home,12,845,0.329737581,1,/home|/checkout|/about|/blog
user_553,session_1273,/blog,/products,3,925,0.738484083,0,/contact|/faq|/product-details|/faq|/home|/blog
user_554,session_1187,/products,/blog,6,308,0.697017443,0,/about|/checkout|/products|/blog|/faq|/faq|/contact
user_555,session_1535,/about,/home,11,566,0.646881265,1,/about|/checkout|/contact|/home|/about|/checkout|/about|/about
user_556,session_1171,/products,/products,3,384,0.655503819,0,/faq|/checkout|/contact|/blog
user_557,session_1501,/products,/home,5,237,0.636000037,0,/home|/home|/product-details|/cart|/cart|/about
user_558,session_1753,/home,/products,6,1537,0.709184916,0,/home|/faq|/about
user_559,session_1601,/products,/home,9,631,0.982044039,0,/about|/blog|/faq|/faq|/about|/checkout|/checkout|/contact
user_560,session_1136,/home,/checkout,6,139,0.853823923,0,/checkout|/about|/home
user_561,session_1079,/products,/home,2,1172,0.16839591,0,/blog|/cart|/product-details|/products|/home|/blog|/contact
user_562,session_1951,/about,/home,8,1382,0.575386984,1,/home|/product-details|/faq
user_563,session_1670,/products,/blog,8,980,0.245785647,1,/faq|/home|/product-details
user_564,session_1890,/products,/products,9,919,0.488525429,0,/cart|/about|/products|/cart|/contact|/faq|/products|/cart
user_565,session_1295,/home,/blog,8,1368,0.190381474,0,/about|/about|/product-details|/products|/checkout|/about|/about
user_566,session_1802,/home,/products,1,1598,0.195006996,0,/products|/about|/product-details|/checkout|/blog|/checkout|/about
user_567,session_1505,/home,/home,3,1493,0.848496189,0,/products|/about|/contact|/faq|/products|/product-details
user_568,session_1443,/home,/blog,8,917,0.958622468,0,/blog|/faq
user_569,session_1284,/products,/blog,4,1439,0.462681739,0,/blog|/product-details|/checkout|/blog|/blog|/contact|/checkout|/home
user_570,session_1595,/blog,/blog,2,371,0.431783963,0,/home|/home|/checkout|/home
user_571,session_1087,/home,/products,6,690,0.503451879,0,/faq|/about|/faq|/blog|/blog|/cart|/contact
user_572,session_1805,/blog,/blog,7,751,0.490377023,0,/faq|/contact|/products|/blog|/about
user_573,session_1651,/products,/blog,9,193,0.966458631,0,/products|/contact|/home|/blog|/faq
user_574,session_1138,/home,/cart,3,34,0.767199974,0,/home|/product-details|/faq|/checkout|/cart|/home|/products
user_575,session_1365,/home,/products,4,720,0.353157099,0,/products|/contact|/contact|/about|/product-details|/about|/products|/home
user_576,session_1803,/products,/products,5,311,0.54189587,0,/blog|/contact|/cart|/products|/home|/home|/cart|/contact
user_577,session_1933,/home,/products,5,1586,0.98060755,0,/about|/home|/contact|/home|/products|/about
user_578,session_1644,/blog,/checkout,6,1075,0.61071953,0,/products|/cart|/blog|/contact
user_579,session_1754,/home,/blog,10,829,0.171417189,1,/cart|/product-details|/cart|/cart|/blog|/checkout|/home|/cart
user_580,session_1336,/products,/home,12,973,0.153371205,0,/blog|/product-details|/about|/home|/products
user_581,session_1739,/blog,/products,4,120,0.915598593,0,/contact|/home|/product-details|/home|/blog|/home|/cart
user_582,session_1232,/home,/blog,5,1364,0.841772289,0,/faq|/contact|/blog|/about
user_583,session_1334,/home,/products,8,1249,0.664028379,0,/about|/checkout|/home|/products|/home|/faq
user_584,session_1987,/blog,/home,12,256,0.292506673,0,/faq|/faq
user_585,session_1433,/home,/cart,7,1111,0.413907256,1,/products|/contact|/blog|/cart|/about|/blog|/cart
user_586,session_1328,/home,/products,3,1180,0.227232774,0,/product-details|/products|/blog|/home|/product-details|/contact|/home
user_587,session_1876,/products,/products,4,640,0.488250833,0,/checkout|/product-details|/contact|/products|/blog|/contact
user_588,session_1470,/products,/cart,5,1249,0.796048311,0,/checkout|/faq|/about|/home|/product-details|/faq
user_589,session_1264,/home,/products,4,1037,0.918739483,0,/cart|/product-details|/faq|/cart
user_590,session_1779,/blog,/home,4,520,0.844080605,0,/about|/product-details
user_591,session_1201,/products,/blog,8,1649,0.960212187,1,/products|/product-details
user_592,session_1820,/home,/products,4,111,0.438833608,0,/blog|/contact|/product-details|/home|/blog|/about|/products|/products
user_593,session_1729,/about,/checkout,6,1628,0.141965114,0,/home|/checkout
user_594,session_1620,/home,/products,7,1477,0.360611939,0,/cart|/about|/faq|/blog|/contact|/products|/home|/product-details
user_595,session_1815,/home,/home,9,604,0.999719334,0,/blog|/contact
user_596,session_1707,/home,/blog,7,769,0.503876233,0,/cart|/checkout|/cart|/blog
user_597,session_1065,/home,/home,5,923,0.995527428,0,/faq|/products|/contact|/blog|/blog|/checkout|/contact
user_598,session_1507,/home,/products,2,1007,0.73670551,0,/cart|/product-details|/faq|/product-details|/home|/contact|/about
user_599,session_1029,/home,/cart,3,159,0.369711764,0,/home|/about|/blog
user_600,session_1823,/home,/products,4,595,0.917498817,0,/home|/about|/products|/checkout
user_601,session_1206,/about,/products,8,443,0.526899758,0,/faq|/home|/contact|/home|/contact|/blog
user_602,session_1124,/products,/products,3,203,0.833781668,0,/contact|/home
user_603,session_1691,/home,/home,5,1761,0.328141025,0,/products|/cart|/contact|/cart
user_604,session_1263,/blog,/blog,9,636,0.962287166,0,/contact|/faq|/about|/product-details|/products|/checkout|/checkout
user_605,session_1228,/products,/products,6,1681,0.516656216,0,/checkout|/blog|/cart|/about|/contact
user_606,session_1045,/products,/products,8,1464,0.217090621,0,/cart|/blog
user_607,session_1332,/blog,/blog,10,755,0.793276625,0,/contact|/contact|/products|/home|/product-details|/product-details|/contact|/products
user_608,session_1281,/products,/blog,7,1442,0.227855574,0,/blog|/blog|/contact|/blog|/faq|/faq
user_609,session_1982,/home,/checkout,5,462,0.587046238,0,/checkout|/contact|/checkout|/cart|/home|/contact|/checkout
user_610,session_1632,/home,/products,11,1408,0.691751232,1,/product-details|/contact|/blog|/products|/cart|/product-details
user_611,session_1427,/about,/cart,10,182,0.618518474,0,/contact|/blog|/product-details
user_612,session_1629,/home,/products,6,405,0.554492043,0,/about|/blog|/about|/contact|/cart
user_613,session_1577,/blog,/home,4,1770,0.937363715,0,/home|/contact|/blog|/cart|/about|/product-details|/product-details|/about
user_614,session_1268,/products,/products,7,110,0.303946525,1,/checkout|/products
user_615,session_1969,/home,/products,8,996,0.112390118,0,/checkout|/products|/faq
user_616,session_1327,/home,/products,4,1223,0.35017096,0,/checkout|/products|/checkout
user_617,session_1271,/products,/products,6,519,0.380400904,0,/product-details|/product-details|/blog
user_618,session_1746,/home,/checkout,11,903,0.910398461,0,/products|/faq|/products|/checkout|/cart
user_619,session_1781,/products,/checkout,4,1551,0.601673063,1,/checkout|/products|/faq
user_620,session_1167,/products,/blog,5,888,0.221464937,0,/product-details|/blog|/home
user_621,session_1255,/products,/products,3,270,0.295105609,0,/checkout|/home|/about|/about|/about
user_622,session_1807,/home,/home,5,591,0.176120263,0,/faq|/contact|/products
user_623,session_1612,/products,/blog,6,1386,0.870082645,0,/checkout|/blog|/products
user_624,session_1071,/home,/blog,5,110,0.152816902,0,/checkout|/blog|/products
user_625,session_1260,/blog,/cart,6,1668,0.395179475,0,/checkout|/blog|/checkout|/checkout|/products|/home|/contact
user_626,session_1530,/home,/products,12,1239,0.550177045,0,/checkout|/about|/home|/checkout|/home
user_627,session_1623,/home,/cart,6,768,0.400506457,0,/home|/home|/about|/home|/contact|/product-details|/about|/product-details
user_628,session_1451,/blog,/products,4,270,0.889350727,0,/about|/faq|/cart
user_629,session_1636,/home,/cart,7,1670,0.894504234,0,/cart|/products|/products|/blog
user_630,session_1734,/blog,/products,7,440,0.911001755,0,/home|/about|/cart|/checkout|/checkout|/contact|/cart
user_631,session_1757,/products,/blog,5,1339,0.818148119,1,/blog|/product-details|/product-details|/about|/contact
user_632,session_1798,/products,/home,5,44,0.911334044,0,/blog|/faq|/contact|/products|/product-details
user_633,session_1841,/home,/products,5,470,0.496234919,1,/home|/faq|/about
user_634,session_1872,/home,/checkout,8,1781,0.457652937,0,/contact|/products
user_635,session_1927,/home,/blog,6,1299,0.434392888,0,/product-details|/contact|/product-details|/product-details
user_636,session_1046,/products,/home,8,1184,0.575927716,0,/faq|/home|/home|/product-details|/blog
user_637,session_1863,/products,/products,5,456,0.166406871,0,/cart|/blog|/product-details
user_638,session_1558,/products,/home,4,184,0.745164791,0,/home|/checkout|/about
user_639,session_1719,/products,/home,9,555,0.318531117,0,/home|/cart
user_640,session_1098,/home,/blog,2,989,0.860049882,0,/checkout|/product-details
user_641,session_1434,/home,/cart,6,1412,0.995786441,0,/blog|/contact
user_642,session_1220,/home,/cart,10,511,0.194509522,0,/product-details|/product-details
user_643,session_1566,/blog,/checkout,5,591,0.536569344,0,/product-details|/about|/products|/product-details|/product-details|/contact|/blog
user_644,session_1679,/home,/home,11,1707,0.715326885,0,/checkout|/home|/checkout
user_645,session_1324,/products,/home,2,898,0.837557246,1,/about|/home|/home
user_646,session_1931,/products,/products,4,1752,0.78901083,1,/products|/contact|/checkout|/cart|/contact|/contact|/checkout
user_647,session_1721,/about,/products,4,1527,0.484120196,0,/product-details|/about|/about|/about|/home|/home
user_648,session_1877,/home,/products,10,1764,0.942374417,0,/contact|/cart|/product-details|/product-details|/home
user_649,session_1275,/blog,/cart,11,232,0.756109807,0,/product-details|/faq|/product-details|/checkout|/faq|/product-details|/cart
user_650,session_1687,/home,/blog,7,586,0.403584334,1,/product-details|/checkout|/cart|/checkout|/home
user_651,session_1231,/home,/cart,5,1702,0.531077308,1,/home|/products|/blog|/cart|/checkout
user_652,session_1197,/home,/products,5,1166,0.968952126,1,/faq|/checkout|/faq
user_653,session_1831,/about,/blog,4,1764,0.922333546,0,/home|/about|/home|/products|/products
user_654,session_1169,/products,/home,8,1750,0.305271232,0,/product-details|/blog|/blog
user_655,session_1659,/about,/products,7,1323,0.376533554,0,/contact|/home|/home|/product-details|/products|/home
user_656,session_1960,/home,/blog,6,724,0.412016685,0,/checkout|/home|/about|/blog|/checkout
user_657,session_1341,/home,/home,7,1204,0.13934791,0,/contact|/home|/cart|/product-details|/cart|/products|/blog
user_658,session_1911,/home,/cart,7,485,0.96726764,1,/product-details|/cart
user_659,session_1320,/products,/cart,8,578,0.833998343,0,/checkout|/home|/about|/products|/faq|/checkout|/product-details|/faq
user_660,session_1662,/products,/checkout,6,1518,0.707250537,0,/contact|/blog|/blog|/about
user_661,session_1002,/products,/blog,5,1248,0.465439326,0,/checkout|/product-details|/home
user_662,session_1274,/blog,/checkout,7,1402,0.339530844,0,/checkout|/contact
user_663,session_1376,/products,/home,9,575,0.935489854,0,/faq|/home
user_664,session_1639,/products,/blog,5,1166,0.429916224,0,/products|/blog|/home|/checkout|/product-details|/checkout|/products
user_665,session_1681,/products,/blog,3,1116,0.5945429,0,/contact|/checkout|/checkout|/product-details
user_666,session_1532,/home,/products,7,431,0.568942349,0,/contact|/faq|/cart
user_667,session_1881,/home,/home,6,466,0.934291822,0,/contact|/about
user_668,session_1638,/blog,/blog,9,1584,0.551561606,0,/cart|/product-details|/blog|/checkout|/contact|/blog
user_669,session_1207,/products,/blog,4,1419,0.673224235,0,/product-details|/contact|/blog|/blog|/product-details
user_670,session_1056,/about,/products,8,75,0.311455795,0,/cart|/contact|/products|/product-details
user_671,session_1750,/about,/blog,7,1367,0.427181582,0,/home|/cart|/about|/checkout|/checkout|/home|/product-details
user_672,session_1613,/blog,/cart,7,1619,0.904151813,1,/blog|/faq|/contact|/checkout|/blog
user_673,session_1394,/products,/blog,6,1611,0.789361806,0,/product-details|/about|/checkout|/blog|/blog|/product-details
user_674,session_1958,/home,/products,6,241,0.815898758,0,/cart|/blog|/products|/product-details|/product-details|/contact
user_675,session_1503,/products,/blog,8,1758,0.390728336,0,/products|/cart|/products
user_676,session_1647,/blog,/products,6,1641,0.18325976,0,/faq|/cart
user_677,session_1068,/about,/products,11,488,0.958584232,0,/contact|/blog|/products|/blog|/faq|/product-details|/faq|/product-details
user_678,session_1725,/about,/home,3,1603,0.50501838,0,/contact|/about|/products|/contact|/home|/home|/contact
user_679,session_1419,/blog,/blog,6,1504,0.602442837,1,/faq|/blog|/home|/about|/contact
user_680,session_1053,/home,/home,4,808,0.253861291,0,/contact|/blog|/cart
user_681,session_1922,/home,/blog,5,166,0.119066984,0,/home|/blog|/home|/blog|/contact
user_682,session_1230,/products,/cart,8,1563,0.290722078,0,/blog|/cart|/contact
user_683,session_1333,/products,/blog,4,603,0.386562427,0,/product-details|/faq|/home|/faq|/home|/cart|/products
user_684,session_1677,/home,/products,6,441,0.624329601,0,/blog|/faq|/blog|/home|/faq|/product-details
user_685,session_1256,/about,/checkout,5,1495,0.146170521,0,/blog|/products|/checkout|/home|/home
user_686,session_1742,/home,/products,5,1785,0.324870559,0,/blog|/about|/contact
user_687,session_1318,/about,/products,6,437,0.11322082,0,/faq|/blog
user_688,session_1940,/home,/cart,7,187,0.296623037,0,/blog|/blog|/contact|/product-details|/blog|/checkout|/product-details|/cart
user_689,session_1640,/products,/blog,11,1154,0.571246336,0,/faq|/cart|/product-details|/cart|/cart|/product-details
user_690,session_1745,/blog,/home,4,1546,0.396878807,0,/blog|/contact|/about|/about
user_691,session_1678,/blog,/home,4,356,0.767316208,0,/products|/faq|/products
user_692,session_1173,/products,/checkout,6,925,0.96000126,0,/about|/blog|/cart|/blog|/product-details|/faq|/contact|/contact
user_693,session_1702,/home,/checkout,4,659,0.300880957,1,/product-details|/home|/products|/about|/faq
user_694,session_1351,/blog,/products,4,1489,0.979194922,0,/blog|/home|/product-details|/checkout|/about|/contact|/about
user_695,session_1873,/products,/home,5,886,0.182754999,0,/product-details|/faq|/cart|/about|/contact|/cart|/checkout
user_696,session_1266,/blog,/products,5,440,0.762981354,0,/product-details|/blog|/about|/faq|/about
user_697,session_1372,/home,/blog,7,508,0.346219156,0,/contact|/cart
user_698,session_1172,/home,/home,7,1487,0.34881435,0,/products|/home|/about|/product-details|/home|/blog
user_699,session_1298,/home,/blog,8,76,0.154456974,0,/checkout|/faq
user_700,session_1778,/home,/checkout,5,748,0.305240113,1,/blog|/checkout|/contact|/products|/products|/checkout|/cart|/about
user_701,session_1797,/blog,/home,4,1085,0.78307542,1,/products|/product-details
user_702,session_1948,/about,/blog,6,966,0.410137682,0,/products|/contact|/contact|/products|/contact|/checkout|/checkout|/blog
user_703,session_1017,/home,/cart,6,1238,0.74546764,0,/products|/checkout|/product-details|/checkout|/blog|/blog|/faq|/home
user_704,session_1536,/about,/cart,7,929,0.282812965,0,/checkout|/blog|/blog|/contact|/contact|/products|/cart|/contact
user_705,session_1487,/products,/blog,6,1011,0.149791177,0,/cart|/checkout|/product-details|/faq
user_706,session_1227,/products,/blog,4,1519,0.754185444,0,/home|/cart|/about|/faq
user_707,session_1897,/products,/blog,9,583,0.339662065,0,/faq|/products|/contact|/contact
user_708,session_1312,/blog,/cart,12,94,0.397244249,0,/blog|/contact|/product-details|/checkout
user_709,session_1790,/products,/blog,8,1474,0.86725003,0,/home|/contact|/cart|/cart|/blog|/product-details
user_710,session_1444,/home,/home,8,1408,0.105025698,0,/faq|/products|/cart|/product-details|/cart|/contact
user_711,session_1551,/about,/home,5,1551,0.489941507,0,/about|/faq|/cart|/home|/checkout|/cart|/cart|/blog
user_712,session_1112,/home,/home,7,146,0.206541909,0,/faq|/home|/product-details|/cart|/about|/product-details|/product-details|/product-details
user_713,session_1093,/home,/cart,6,46,0.553416606,0,/faq|/products|/faq|/cart|/faq|/contact
user_714,session_1664,/products,/products,2,1077,0.978268671,0,/product-details|/product-details|/faq|/contact|/about
user_715,session_1513,/blog,/home,7,1569,0.69557378,1,/products|/products|/faq|/home
user_716,session_1690,/home,/products,8,820,0.895731415,1,/products|/checkout|/contact
user_717,session_1248,/products,/blog,3,97,0.761154432,0,/about|/home|/faq|/home|/contact|/faq|/contact|/products
user_718,session_1569,/products,/products,9,756,0.554748198,0,/faq|/checkout|/products|/products|/contact|/about|/products|/blog
user_719,session_1469,/home,/checkout,5,676,0.897524309,0,/products|/checkout|/contact|/products|/cart|/about|/products
user_720,session_1462,/about,/blog,7,874,0.545868197,0,/faq|/products|/faq|/blog|/faq
user_721,session_1004,/products,/blog,7,267,0.802099156,0,/blog|/home|/contact|/blog
user_722,session_1050,/home,/products,7,879,0.556088686,0,/product-details|/blog|/faq
user_723,session_1550,/home,/checkout,5,498,0.175751647,0,/products|/products|/contact|/product-details|/cart|/products|/contact|/product-details
user_724,session_1488,/home,/home,5,897,0.592935233,0,/cart|/contact|/products|/checkout|/products|/faq|/blog
user_725,session_1801,/home,/blog,6,1634,0.42266486,1,/about|/cart|/cart
user_726,session_1540,/home,/products,3,917,0.584399645,0,/cart|/blog|/cart|/products
user_727,session_1887,/home,/home,6,1275,0.656908964,1,/blog|/blog|/faq|/about
user_728,session_1898,/blog,/home,6,133,0.322456399,0,/blog|/product-details|/home|/products
user_729,session_1114,/about,/products,4,1250,0.510912611,0,/products|/product-details|/blog
user_730,session_1956,/products,/products,10,1444,0.191923263,1,/home|/products|/blog|/products
user_731,session_1099,/products,/blog,4,63,0.113193726,0,/blog|/products|/blog
user_732,session_1361,/home,/products,6,95,0.186724018,0,/product-details|/contact
user_733,session_1058,/products,/blog,5,1053,0.30177204,0,/products|/product-details|/about|/product-details|/faq|/checkout|/contact|/faq
user_734,session_1912,/home,/checkout,3,1428,0.230018263,0,/product-details|/products|/contact|/home
user_735,session_1635,/products,/products,5,1331,0.860356074,0,/product-details|/blog
user_736,session_1405,/about,/home,14,505,0.473852681,0,/products|/faq|/contact|/blog|/cart|/about|/blog
user_737,session_1123,/products,/products,8,1455,0.606511165,0,/about|/checkout|/about|/contact|/faq
user_738,session_1582,/blog,/blog,5,782,0.627135353,0,/faq|/faq
user_739,session_1652,/home,/cart,10,322,0.163391316,0,/faq|/product-details|/home|/faq|/cart
user_740,session_1977,/home,/products,7,1099,0.793470692,0,/about|/checkout|/checkout
user_741,session_1400,/blog,/cart,6,1492,0.626929624,0,/product-details|/home|/contact|/home|/faq
user_742,session_1493,/blog,/products,8,1412,0.795242124,0,/faq|/products|/contact|/contact|/checkout|/blog|/blog
user_743,session_1077,/blog,/products,7,174,0.493254703,0,/checkout|/about
user_744,session_1695,/home,/products,5,155,0.668473983,0,/home|/checkout|/faq|/faq|/checkout|/checkout|/contact|/contact
user_745,session_1808,/home,/home,6,1727,0.774245473,0,/home|/checkout|/blog|/product-details|/contact|/checkout|/home|/blog
user_746,session_1654,/products,/home,6,190,0.725302105,0,/home|/contact
user_747,session_1529,/products,/products,7,406,0.984179866,0,/faq|/faq|/blog|/products
user_748,session_1901,/home,/checkout,5,807,0.352454351,0,/contact|/checkout|/faq|/about|/cart
user_749,session_1611,/blog,/products,6,1407,0.158295075,0,/checkout|/blog|/blog|/checkout|/contact|/faq|/cart|/checkout
user_750,session_1363,/home,/checkout,6,1537,0.482429914,0,/products|/cart|/products|/product-details|/faq|/product-details
user_751,session_1563,/blog,/home,6,1136,0.376081397,0,/about|/product-details|/checkout|/faq
user_752,session_1892,/blog,/blog,9,717,0.486295267,0,/product-details|/blog|/faq|/faq|/contact|/product-details
user_753,session_1015,/about,/products,9,284,0.500336863,0,/blog|/contact|/blog|/about
user_754,session_1174,/products,/blog,8,1591,0.684560828,0,/cart|/home|/products|/blog|/blog
user_755,session_1142,/home,/cart,4,1577,0.11469822,0,/products|/checkout|/contact
user_756,session_1416,/home,/checkout,5,629,0.309713204,0,/cart|/about|/faq|/about
user_757,session_1856,/blog,/blog,9,939,0.538792342,0,/products|/cart|/faq|/products
user_758,session_1970,/home,/cart,9,904,0.899960023,0,/home|/cart|/products|/contact|/cart|/cart|/faq|/cart
user_759,session_1489,/blog,/home,7,1434,0.348880615,0,/home|/product-details|/faq|/about|/about|/faq|/checkout|/products
user_760,session_1758,/products,/blog,8,1656,0.369833129,0,/home|/checkout|/home|/blog|/product-details
user_761,session_1018,/products,/blog,6,1068,0.988579987,0,/contact|/cart
user_762,session_1517,/about,/checkout,2,1488,0.517649063,0,/home|/home|/checkout|/contact
user_763,session_1423,/home,/products,5,1459,0.101585402,0,/home|/about
user_764,session_1042,/home,/home,6,528,0.154017226,0,/about|/home|/products|/product-details|/home
user_765,session_1313,/home,/cart,5,930,0.93848834,0,/product-details|/product-details|/blog|/products|/checkout|/faq
user_766,session_1321,/home,/products,10,553,0.525449967,0,/product-details|/contact|/contact
user_767,session_1063,/products,/blog,7,1566,0.85895082,1,/cart|/checkout|/home|/about|/home
user_768,session_1073,/products,/products,1,1293,0.848642027,1,/cart|/about
user_769,session_1919,/products,/blog,2,671,0.791972339,0,/blog|/contact|/home|/faq|/product-details
user_770,session_1383,/blog,/products,5,1795,0.643170246,0,/checkout|/product-details|/faq|/home|/home|/checkout|/product-details|/checkout
user_771,session_1254,/about,/blog,5,1271,0.60252381,1,/about|/contact|/about|/contact|/cart
user_772,session_1272,/products,/home,8,450,0.572894042,0,/product-details|/cart|/faq|/faq|/cart|/blog|/products
user_773,session_1787,/blog,/checkout,7,1176,0.3147436,0,/faq|/checkout|/blog|/faq|/blog|/about|/cart
user_774,session_1460,/home,/blog,7,639,0.654640109,0,/cart|/home|/contact|/checkout|/faq|/blog
user_775,session_1044,/home,/products,5,1447,0.879001256,0,/faq|/cart
user_776,session_1092,/home,/blog,4,605,0.787926992,0,/blog|/checkout|/checkout|/cart|/checkout|/cart
user_777,session_1021,/home,/products,4,503,0.269089226,0,/cart|/product-details|/home|/about|/contact
user_778,session_1748,/home,/products,7,154,0.435130437,0,/home|/faq|/contact|/cart|/checkout
user_779,session_1656,/home,/products,4,1040,0.780757939,0,/contact|/about|/checkout|/products|/faq|/cart|/about|/checkout
user_780,session_1439,/home,/checkout,4,37,0.178951952,1,/product-details|/about|/products|/faq
user_781,session_1699,/products,/products,6,527,0.690753843,1,/cart|/blog|/products|/faq|/contact|/product-details|/product-details|/cart
user_782,session_1307,/blog,/blog,4,526,0.744033225,0,/faq|/product-details|/blog|/product-details|/products
user_783,session_1496,/home,/home,3,1478,0.873180669,1,/contact|/products|/home|/contact|/products|/cart
user_784,session_1983,/about,/cart,2,238,0.288841791,0,/checkout|/contact|/faq|/cart|/about|/contact|/blog
user_785,session_1194,/products,/blog,8,494,0.347864607,0,/products|/contact|/checkout|/product-details|/products|/product-details|/faq
user_786,session_1082,/home,/products,8,807,0.851820517,0,/home|/faq
user_787,session_1945,/home,/blog,2,1726,0.352561953,0,/product-details|/cart|/faq
user_788,session_1062,/home,/products,6,592,0.863170065,0,/checkout|/about|/faq|/cart|/products|/products|/checkout
user_789,session_1572,/products,/blog,5,1420,0.65683284,0,/checkout|/about|/checkout|/checkout|/cart|/blog|/about
user_790,session_1586,/blog,/products,6,263,0.32465881,0,/contact|/cart
user_791,session_1107,/home,/blog,4,905,0.658070035,1,/contact|/checkout|/cart|/products
user_792,session_1998,/products,/home,10,960,0.149570876,0,/faq|/checkout|/blog|/product-details|/contact|/products|/checkout|/cart
user_793,session_1146,/about,/products,3,1598,0.923751012,0,/checkout|/products
user_794,session_1511,/home,/blog,3,670,0.897106601,0,/products|/products|/product-details|/blog|/blog
user_795,session_1410,/products,/cart,4,855,0.717673133,0,/checkout|/checkout|/contact|/home
user_796,session_1370,/blog,/products,5,809,0.958548927,1,/product-details|/faq|/faq|/about
user_797,session_1350,/products,/products,6,1293,0.601823274,1,/blog|/home|/product-details|/home|/checkout|/checkout|/blog
user_798,session_1866,/about,/home,4,121,0.804903621,0,/about|/about|/checkout|/faq|/products|/checkout
user_799,session_1521,/home,/home,6,1271,0.820251508,1,/product-details|/cart|/blog|/contact|/checkout|/products|/cart|/blog
user_800,session_1786,/about,/blog,6,1204,0.33859191,0,/cart|/blog|/product-details
user_801,session_1584,/blog,/products,5,1205,0.364020121,0,/blog|/faq|/home|/cart|/cart|/cart|/products|/product-details
user_802,session_1791,/products,/products,12,915,0.303217531,0,/home|/faq|/checkout|/home
user_803,session_1829,/home,/home,2,517,0.876517233,0,/faq|/contact|/faq|/checkout|/cart|/blog|/about
user_804,session_1921,/products,/products,8,691,0.751372678,0,/products|/product-details
user_805,session_1985,/home,/products,3,217,0.237936081,0,/products|/blog|/checkout|/product-details|/products|/faq|/home|/home
user_806,session_1967,/products,/cart,4,481,0.867706931,0,/about|/faq|/home|/faq|/products|/contact|/contact
user_807,session_1868,/blog,/blog,6,112,0.669136543,1,/home|/products|/faq|/faq
user_808,session_1482,/home,/products,7,861,0.599907631,0,/products|/product-details
user_809,session_1963,/home,/checkout,4,604,0.139532826,1,/about|/home|/faq|/checkout|/checkout|/checkout|/faq|/product-details
user_810,session_1103,/blog,/products,4,402,0.351556035,0,/blog|/checkout|/blog|/product-details|/about|/product-details
user_811,session_1387,/home,/home,4,1362,0.637599482,0,/faq|/blog|/blog|/products|/home
user_812,session_1952,/blog,/cart,4,462,0.961061696,0,/faq|/about|/contact|/product-details|/about|/contact|/about|/faq
user_813,session_1914,/about,/products,8,748,0.15260038,0,/home|/home|/faq|/products|/cart|/cart|/product-details|/faq
user_814,session_1631,/products,/cart,7,1275,0.511721791,0,/products|/product-details|/cart|/products|/checkout|/product-details|/about
user_815,session_1486,/home,/blog,6,233,0.467622136,0,/faq|/checkout|/faq|/contact|/cart
user_816,session_1855,/products,/blog,8,269,0.558358584,1,/about|/contact|/checkout|/products|/cart
user_817,session_1009,/blog,/blog,4,1773,0.13547809,0,/products|/cart
user_818,session_1296,/home,/home,5,1759,0.876704789,0,/product-details|/home|/about|/home|/home
user_819,session_1145,/blog,/products,5,1373,0.335088904,0,/faq|/contact|/contact|/product-details|/home|/products|/blog
user_820,session_1796,/blog,/blog,2,83,0.514630889,0,/about|/checkout|/faq
user_821,session_1514,/home,/blog,5,1754,0.296942696,0,/faq|/products|/contact|/products|/checkout
user_822,session_1756,/blog,/home,7,1376,0.94229566,1,/about|/products|/products|/product-details|/contact|/contact
user_823,session_1946,/products,/blog,4,1601,0.739428035,1,/cart|/checkout|/faq|/blog|/about|/faq
user_824,session_1772,/home,/home,7,423,0.459432781,0,/blog|/blog|/about|/contact|/product-details|/checkout
user_825,session_1025,/products,/blog,4,509,0.352217986,0,/faq|/faq
user_826,session_1701,/about,/checkout,8,1105,0.733105677,0,/blog|/blog|/faq|/faq
user_827,session_1565,/blog,/checkout,6,632,0.298960175,0,/about|/product-details
user_828,session_1795,/blog,/home,3,1370,0.364267233,0,/product-details|/blog|/contact|/checkout|/cart|/faq
user_829,session_1849,/products,/products,8,162,0.900149128,0,/checkout|/faq|/cart|/home|/product-details|/products|/faq|/checkout
user_830,session_1247,/products,/blog,9,1606,0.549377391,1,/contact|/about
user_831,session_1607,/products,/home,6,1394,0.957212374,0,/products|/about|/about
user_832,session_1825,/home,/products,6,1592,0.798186406,0,/product-details|/cart|/contact|/contact|/contact|/home|/home|/product-details
user_833,session_1408,/blog,/blog,5,1708,0.876617676,0,/about|/checkout|/product-details|/blog|/faq|/faq|/product-details|/blog
user_834,session_1502,/blog,/blog,3,603,0.617519766,0,/products|/contact|/blog|/contact|/product-details|/contact|/checkout|/home
user_835,session_1936,/blog,/home,7,346,0.161154027,1,/checkout|/products|/blog
user_836,session_1288,/home,/blog,6,295,0.566129788,1,/products|/cart|/faq|/product-details|/cart|/about
user_837,session_1568,/home,/blog,8,233,0.909223862,0,/home|/checkout|/product-details|/home|/products|/checkout|/about|/checkout
user_838,session_1740,/products,/blog,6,864,0.127693729,1,/contact|/blog|/contact
user_839,session_1216,/home,/products,6,1466,0.198660353,0,/contact|/blog|/contact|/about|/blog|/product-details
user_840,session_1183,/blog,/home,8,1564,0.668343616,0,/blog|/home|/home|/faq
user_841,session_1531,/products,/products,7,145,0.524188397,0,/cart|/checkout|/contact|/blog|/about|/faq|/checkout|/product-details
user_842,session_1929,/home,/home,3,1326,0.991191917,0,/home|/cart|/blog|/faq|/cart
user_843,session_1924,/home,/blog,4,1752,0.791798712,0,/blog|/products
user_844,session_1472,/products,/products,8,581,0.796658101,0,/about|/products|/faq|/about|/checkout
user_845,session_1245,/home,/checkout,5,1298,0.473785801,0,/product-details|/products|/home|/home|/home|/faq
user_846,session_1154,/home,/home,6,1084,0.997380464,0,/products|/products
user_847,session_1675,/products,/cart,5,106,0.49620462,0,/home|/blog|/faq|/about|/cart
user_848,session_1693,/home,/blog,7,825,0.970642132,1,/about|/cart|/products|/checkout|/blog
user_849,session_1144,/home,/checkout,6,1160,0.594900637,1,/faq|/blog|/faq|/home|/contact|/faq|/cart|/checkout
user_850,session_1735,/products,/blog,4,1447,0.777221709,0,/faq|/checkout
user_851,session_1973,/products,/cart,7,989,0.699060478,0,/contact|/contact|/contact|/contact|/home|/cart|/blog|/blog
user_852,session_1293,/home,/products,5,1591,0.847077373,1,/contact|/about|/checkout|/products|/home|/home|/products
user_853,session_1728,/home,/cart,6,42,0.693633067,0,/faq|/product-details|/blog|/blog|/home|/products
user_854,session_1731,/products,/products,5,821,0.105236375,0,/about|/cart|/faq|/products|/blog|/cart|/product-details
user_855,session_1353,/blog,/cart,4,885,0.137927098,1,/checkout|/home|/cart|/product-details|/blog|/checkout|/products|/cart
user_856,session_1022,/home,/blog,4,1434,0.932975166,0,/home|/blog|/products|/about|/contact|/about|/blog
user_857,session_1622,/about,/home,4,523,0.487256638,0,/about|/checkout|/blog
user_858,session_1909,/home,/home,5,1075,0.671235279,1,/products|/home
user_859,session_1830,/home,/products,6,362,0.651593812,0,/contact|/home|/blog|/product-details|/product-details|/cart|/home
user_860,session_1875,/home,/home,5,1459,0.957946904,0,/about|/product-details
user_861,session_1454,/blog,/products,9,1082,0.750387417,0,/product-details|/contact|/home|/faq|/checkout
user_862,session_1157,/home,/blog,5,512,0.290429671,0,/home|/about|/contact
user_863,session_1759,/blog,/products,4,1451,0.437936609,0,/home|/contact|/products
user_864,session_1253,/blog,/blog,6,1101,0.696982287,0,/products|/home|/faq|/contact
user_865,session_1086,/products,/blog,5,1726,0.317022789,1,/blog|/blog
user_866,session_1453,/products,/blog,10,346,0.619293967,0,/cart|/cart
user_867,session_1984,/home,/cart,7,38,0.177148509,1,/home|/home|/about|/product-details|/home
user_868,session_1827,/products,/blog,5,688,0.944801842,0,/home|/home|/products|/products|/checkout
user_869,session_1035,/about,/cart,5,1395,0.309753808,0,/contact|/contact|/products|/home|/product-details|/products|/home|/faq
user_870,session_1749,/home,/blog,2,1044,0.356893076,0,/home|/cart|/cart
user_871,session_1583,/home,/blog,6,332,0.506473873,0,/about|/contact|/blog
user_872,session_1576,/about,/home,5,188,0.517504661,0,/product-details|/products|/products|/blog|/faq|/products
user_873,session_1047,/home,/products,6,1581,0.336382319,0,/contact|/contact|/checkout|/home|/products|/blog|/cart|/checkout
user_874,session_1192,/products,/blog,8,288,0.282412278,0,/checkout|/about|/product-details
user_875,session_1176,/home,/checkout,4,1154,0.751581002,0,/products|/home
user_876,session_1028,/about,/checkout,3,820,0.480426325,0,/about|/home|/faq|/product-details
user_877,session_1828,/about,/home,8,1669,0.67903967,0,/faq|/faq|/about|/checkout|/checkout|/blog|/home
user_878,session_1249,/blog,/cart,4,1113,0.666247214,0,/blog|/product-details|/faq|/blog|/blog|/home|/products|/checkout
user_879,session_1971,/products,/checkout,8,152,0.148453097,0,/faq|/about|/faq|/blog|/about|/product-details|/product-details
user_880,session_1329,/blog,/home,2,945,0.53071366,0,/checkout|/checkout|/checkout|/cart
user_881,session_1773,/home,/blog,8,1251,0.662053683,0,/blog|/products|/faq|/contact
user_882,session_1964,/home,/home,8,888,0.394936467,0,/about|/checkout|/faq|/about
user_883,session_1126,/about,/blog,9,1120,0.735390106,0,/about|/contact|/cart|/products|/about|/faq|/about
user_884,session_1776,/about,/products,5,878,0.909716208,0,/faq|/about|/product-details|/about|/contact|/about|/checkout|/products
user_885,session_1708,/products,/home,5,1539,0.457228158,0,/product-details|/contact|/faq|/contact|/faq|/contact|/cart|/faq
user_886,session_1669,/blog,/blog,9,504,0.453503992,0,/about|/products|/product-details|/faq|/product-details
user_887,session_1616,/home,/checkout,5,753,0.540487866,0,/cart|/products|/home|/products|/product-details|/about
user_888,session_1354,/home,/products,9,1445,0.147705218,1,/products|/checkout|/cart|/product-details|/checkout
user_889,session_1497,/products,/blog,6,1576,0.399505702,0,/faq|/product-details
user_890,session_1579,/home,/cart,6,984,0.272271515,0,/about|/products|/home|/home
user_891,session_1972,/home,/cart,7,611,0.446151953,0,/checkout|/faq|/products|/contact|/home|/checkout
user_892,session_1208,/about,/blog,5,1054,0.493464705,0,/products|/checkout|/home|/faq|/home|/product-details
user_893,session_1939,/products,/products,5,621,0.241261974,1,/faq|/blog
user_894,session_1325,/blog,/products,5,311,0.164721001,0,/contact|/home
user_895,session_1467,/products,/blog,5,933,0.698191598,1,/product-details|/products|/blog|/contact|/faq|/products
user_896,session_1896,/home,/home,7,95,0.476839323,0,/checkout|/about|/product-details|/home|/about|/faq|/about
user_897,session_1335,/products,/products,5,282,0.199289947,0,/checkout|/checkout|/products|/products
user_898,session_1542,/home,/checkout,8,334,0.516574319,0,/product-details|/about|/cart
user_899,session_1140,/home,/cart,9,603,0.349695633,0,/faq|/about|/home|/home|/cart|/contact
user_900,session_1799,/blog,/products,6,656,0.183395887,0,/contact|/product-details|/home|/contact|/product-details|/cart|/cart|/product-details
user_901,session_1075,/home,/blog,1,1564,0.262408176,0,/products|/faq|/cart|/faq|/blog
user_902,session_1806,/home,/blog,10,661,0.571746646,0,/product-details|/products|/products
user_903,session_1518,/home,/blog,5,1713,0.272709587,0,/contact|/about|/products|/checkout|/home|/about|/products
user_904,session_1150,/home,/blog,8,884,0.56385068,1,/product-details|/about|/products|/home
user_905,session_1689,/home,/checkout,6,1565,0.420606529,0,/product-details|/products|/faq|/faq|/blog|/about|/faq|/contact
user_906,session_1285,/home,/products,6,592,0.843732429,0,/contact|/product-details|/cart
user_907,session_1432,/about,/cart,4,624,0.382373756,0,/home|/blog|/product-details|/about|/products|/checkout|/products|/home
user_908,session_1149,/about,/cart,3,316,0.56925534,0,/products|/faq|/faq|/faq|/cart|/contact
user_909,session_1743,/about,/products,7,1136,0.317777998,0,/product-details|/cart|/cart|/products|/products
user_910,session_1950,/products,/products,5,355,0.392746988,0,/cart|/products|/product-details|/products|/checkout
user_911,session_1425,/products,/home,2,984,0.459969822,0,/blog|/faq|/blog|/checkout
user_912,session_1156,/home,/blog,3,377,0.685218192,0,/checkout|/home|/faq|/home|/products
user_913,session_1495,/home,/products,8,214,0.15084532,0,/home|/about
user_914,session_1993,/blog,/products,7,615,0.734855323,0,/home|/products|/home|/checkout|/product-details|/checkout|/blog|/checkout
user_915,session_1369,/home,/blog,3,1095,0.589786336,1,/checkout|/products|/product-details|/blog|/product-details|/home
user_916,session_1683,/products,/home,7,1252,0.405258892,0,/blog|/cart|/products
user_917,session_1027,/products,/checkout,2,393,0.762630666,0,/home|/cart
user_918,session_1233,/home,/blog,6,765,0.339877543,0,/contact|/home|/blog|/blog|/checkout|/products|/checkout
user_919,session_1198,/products,/checkout,4,286,0.189755874,0,/faq|/home|/checkout|/faq|/about
user_920,session_1546,/home,/products,7,397,0.436100856,0,/product-details|/checkout|/blog
user_921,session_1257,/products,/cart,6,1386,0.170931763,1,/home|/blog|/home|/about|/products|/about|/home|/home
user_922,session_1826,/products,/products,6,882,0.303526425,0,/products|/faq|/about|/cart|/home|/contact
user_923,session_1345,/home,/products,4,454,0.98847318,0,/products|/contact|/contact|/faq|/cart|/about|/blog
user_924,session_1215,/about,/products,5,1440,0.206536634,0,/home|/home|/product-details|/home|/blog|/blog|/contact
user_925,session_1995,/home,/products,5,814,0.63517947,0,/products|/faq|/faq|/faq|/cart|/cart|/cart
user_926,session_1380,/products,/products,4,331,0.723053825,0,/contact|/faq|/home|/faq
user_927,session_1592,/blog,/products,7,322,0.569089816,0,/blog|/home
user_928,session_1375,/home,/products,2,1745,0.460618883,0,/products|/cart|/about|/product-details|/checkout
user_929,session_1525,/home,/cart,4,954,0.479191622,0,/about|/product-details|/checkout|/home|/product-details|/about|/product-details|/checkout
user_930,session_1001,/blog,/products,6,955,0.576265613,0,/home|/products|/home|/products|/checkout|/contact
user_931,session_1097,/products,/blog,6,1249,0.719982324,0,/cart|/blog
user_932,session_1715,/blog,/checkout,6,1425,0.985390471,0,/product-details|/blog|/home|/blog|/checkout|/products|/product-details|/product-details
user_933,session_1874,/products,/products,7,1255,0.563368243,0,/product-details|/blog|/cart|/about|/blog
user_934,session_1684,/blog,/blog,17,1587,0.543208714,0,/products|/blog|/faq|/about|/product-details|/products|/cart
user_935,session_1997,/home,/blog,10,280,0.363306911,0,/contact|/cart|/blog|/checkout
user_936,session_1032,/products,/blog,10,499,0.243949865,1,/home|/product-details|/checkout|/cart|/contact|/contact|/checkout|/blog
user_937,session_1300,/blog,/checkout,7,1616,0.399427949,0,/faq|/contact|/product-details|/cart
user_938,session_1506,/home,/blog,7,656,0.363971992,0,/contact|/faq|/faq|/products|/about
user_939,session_1628,/products,/home,10,1680,0.42871681,0,/cart|/product-details|/product-details|/blog|/home
user_940,session_1520,/products,/home,4,609,0.528203966,0,/contact|/about|/faq|/home|/checkout|/faq|/checkout
user_941,session_1213,/about,/products,7,1172,0.437148532,0,/cart|/product-details|/home|/faq|/faq|/products|/cart
user_942,session_1202,/home,/blog,3,953,0.484056349,0,/cart|/blog|/contact|/about
user_943,session_1214,/products,/products,6,1026,0.30350448,0,/contact|/product-details|/home
user_944,session_1989,/home,/home,7,913,0.150102888,0,/faq|/contact|/cart|/cart|/products|/product-details|/blog
user_945,session_1736,/home,/products,2,970,0.872750264,0,/checkout|/products|/about|/product-details|/blog|/product-details|/about
user_946,session_1653,/products,/cart,4,708,0.60511344,0,/faq|/contact|/home|/about|/products
user_947,session_1449,/products,/blog,3,1095,0.583637304,0,/checkout|/contact|/contact|/cart|/blog|/contact|/product-details
user_948,session_1580,/blog,/products,8,496,0.655239143,0,/home|/home|/about
user_949,session_1109,/home,/cart,5,1175,0.297767276,0,/product-details|/checkout|/cart
user_950,session_1133,/products,/products,7,1209,0.567631913,0,/faq|/product-details|/about|/cart
user_951,session_1879,/home,/products,7,1011,0.750540808,0,/home|/product-details|/cart|/about|/blog
user_952,session_1066,/products,/blog,4,576,0.125396717,0,/product-details|/about|/faq|/faq
user_953,session_1907,/products,/cart,5,1346,0.673224742,0,/blog|/about|/faq|/faq
user_954,session_1003,/products,/blog,5,1529,0.766200702,0,/contact|/cart|/cart|/blog|/blog|/blog
user_955,session_1411,/home,/blog,7,682,0.500757707,0,/product-details|/home|/contact|/products|/checkout|/checkout|/contact
user_956,session_1070,/products,/products,6,811,0.817646111,0,/home|/product-details|/cart|/contact|/about
user_957,session_1839,/products,/home,4,1571,0.690171806,0,/products|/product-details|/products|/home|/products|/blog
user_958,session_1012,/home,/blog,5,754,0.647666187,0,/about|/products|/faq
user_959,session_1713,/products,/products,5,888,0.264130876,0,/products|/product-details|/about|/cart|/contact|/home|/blog|/faq
user_960,session_1833,/home,/cart,6,922,0.768384352,0,/about|/checkout|/cart|/faq
user_961,session_1587,/home,/products,6,100,0.479074468,0,/cart|/products|/blog|/about|/blog|/home|/products|/blog
user_962,session_1360,/products,/blog,5,730,0.196741823,0,/faq|/blog|/about|/cart
user_963,session_1674,/home,/blog,5,845,0.242973888,0,/home|/blog|/products|/checkout
user_964,session_1269,/home,/products,9,1016,0.807499817,1,/faq|/faq|/about|/home|/contact|/home|/faq
user_965,session_1515,/products,/cart,6,1220,0.206419652,0,/about|/cart|/faq|/product-details|/products
user_966,session_1978,/blog,/home,6,1238,0.519738192,1,/product-details|/products|/faq|/products|/blog|/faq|/products|/faq
user_967,session_1599,/blog,/cart,4,1606,0.433154523,0,/about|/cart|/faq|/faq|/products|/faq|/cart|/checkout
user_968,session_1101,/home,/products,5,1209,0.544060463,1,/cart|/contact|/product-details
user_969,session_1594,/home,/home,7,957,0.610046302,0,/product-details|/about|/cart|/product-details|/blog|/contact
user_970,session_1641,/about,/home,5,581,0.958562935,0,/about|/faq|/checkout|/about|/about|/contact|/home
user_971,session_1102,/about,/checkout,6,76,0.262557834,0,/blog|/product-details|/contact|/blog|/blog|/cart
user_972,session_1884,/about,/blog,4,260,0.447821723,0,/contact|/home|/checkout|/product-details
user_973,session_1385,/products,/blog,6,918,0.487465282,0,/products|/cart|/about|/cart|/contact|/products|/home|/product-details
user_974,session_1367,/home,/checkout,9,934,0.864601185,0,/cart|/home|/about
user_975,session_1314,/about,/cart,2,234,0.130232467,0,/about|/checkout|/blog|/faq
user_976,session_1484,/about,/blog,5,483,0.120123153,0,/contact|/contact|/home|/checkout
user_977,session_1060,/home,/blog,4,321,0.394779152,0,/blog|/home|/products|/about|/about|/product-details|/checkout
user_978,session_1848,/home,/home,6,525,0.40807956,1,/about|/faq|/cart|/cart|/blog|/contact
user_979,session_1643,/products,/products,3,300,0.891220357,0,/blog|/faq|/home|/about|/products|/home
user_980,session_1793,/home,/cart,7,789,0.608197475,0,/product-details|/products|/blog|/about
user_981,session_1556,/products,/cart,3,405,0.212302534,1,/products|/checkout|/about|/about|/contact|/home|/product-details|/product-details
user_982,session_1763,/products,/blog,5,168,0.155530619,0,/about|/checkout|/blog|/product-details|/cart|/products|/about
user_983,session_1850,/blog,/checkout,5,1574,0.204803194,0,/home|/product-details|/faq|/about|/home|/blog|/contact
user_984,session_1366,/blog,/products,6,409,0.852284357,0,/checkout|/checkout|/contact|/products
user_985,session_1283,/home,/cart,5,389,0.471690573,0,/cart|/cart
user_986,session_1543,/blog,/blog,12,590,0.971587788,1,/blog|/contact|/checkout|/cart|/home|/about|/products
user_987,session_1436,/products,/blog,6,615,0.733205097,0,/about|/blog|/home|/products
user_988,session_1737,/home,/home,5,1392,0.341941319,0,/about|/home|/about|/home|/cart|/product-details
user_989,session_1182,/home,/blog,8,1044,0.902611906,0,/faq|/about|/home|/faq|/home
user_990,session_1730,/home,/home,5,317,0.683812746,0,/blog|/faq|/blog
user_991,session_1485,/home,/checkout,7,1470,0.996417779,0,/home|/home|/home|/cart|/cart|/about
user_992,session_1474,/products,/blog,9,1662,0.203466472,0,/checkout|/products|/cart|/cart|/blog
user_993,session_1043,/products,/home,8,477,0.809562942,0,/cart|/products|/faq
user_994,session_1359,/blog,/blog,3,1360,0.981316885,0,/about|/contact
user_995,session_1147,/home,/home,5,392,0.774130755,0,/checkout|/checkout|/product-details|/faq|/product-details|/home|/home
user_996,session_1491,/blog,/cart,6,1498,0.798367838,0,/product-details|/contact|/faq
user_997,session_1368,/products,/blog,5,565,0.980844402,0,/product-details|/about|/home
user_998,session_1007,/home,/blog,8,1387,0.394291999,0,/contact|/cart|/products|/home|/checkout
user_999,session_1642,/home,/cart,8,244,0.443562499,0,/products|/about
user_1000,session_1356,/products,/blog,7,1525,0.260372491,1,/contact|/contact
